family,run,arm,seed,steps,n_validations,loss,micro_f,micro_p,micro_r,macro_f
encoder,clean-s42,clean,42,4000,8,0.002068,0.923395,0.923395,0.923395,0.844382
encoder,clean-s43,clean,43,4000,8,0.002072,0.92305,0.92305,0.92305,0.840195
encoder,clean-s44,clean,44,4000,8,0.002983,0.927191,0.927191,0.927191,0.852087
encoder,clean-s45,clean,45,4000,8,0.001921,0.9196,0.9196,0.9196,0.841437
encoder,clean-s46,clean,46,4000,8,0.001999,0.925121,0.925121,0.925121,0.842753
encoder,clean-s47,clean,47,4000,8,0.00268,0.923395,0.923395,0.923395,0.846281
encoder,clean_v4_fiab-s42,clean_v4_fiab,42,4000,8,0.000834,0.883023,0.883023,0.883023,0.779736
encoder,clean_v4_fiab-s43,clean_v4_fiab,43,4000,8,0.000909,0.886818,0.886818,0.886818,0.787157
encoder,clean_v4_fiab-s44,clean_v4_fiab,44,4000,8,0.001015,0.888544,0.888544,0.888544,0.785435
encoder,clean_v4_fiab-s45,clean_v4_fiab,45,4000,8,0.001183,0.884403,0.884403,0.884403,0.776136
encoder,clean_v4_fiab-s46,clean_v4_fiab,46,4000,8,0.000932,0.891649,0.891649,0.891649,0.791707
encoder,clean_v4_fiab-s47,clean_v4_fiab,47,4000,8,0.001253,0.882678,0.882678,0.882678,0.774035
encoder,clean_v4_verif-s42,clean_v4_verif,42,4000,8,0.002511,0.923395,0.923395,0.923395,0.850031
encoder,clean_v4_verif-s43,clean_v4_verif,43,4000,8,0.002619,0.924086,0.924086,0.924086,0.849559
encoder,clean_v4_verif-s44,clean_v4_verif,44,4000,8,0.003165,0.927536,0.927536,0.927536,0.848899
encoder,clean_v4_verif-s45,clean_v4_verif,45,4000,8,0.002501,0.922015,0.922015,0.922015,0.83352
encoder,clean_v4_verif-s46,clean_v4_verif,46,4000,8,0.001744,0.926501,0.926501,0.926501,0.855329
encoder,clean_v4_verif-s47,clean_v4_verif,47,4000,8,0.003024,0.929607,0.929607,0.929607,0.85701
encoder,clean_v4_veto-s42,clean_v4_veto,42,4000,8,0.000413,0.792616,0.792616,0.792616,0.660468
encoder,clean_v4_veto-s43,clean_v4_veto,43,4000,8,0.000454,0.795031,0.795031,0.795031,0.663421
encoder,clean_v4_veto-s44,clean_v4_veto,44,4000,8,0.000495,0.797792,0.797792,0.797792,0.666339
encoder,clean_v4_veto-s45,clean_v4_veto,45,4000,8,0.000428,0.794341,0.794341,0.794341,0.665986
encoder,clean_v4_veto-s46,clean_v4_veto,46,4000,8,0.000411,0.795721,0.795721,0.795721,0.658458
encoder,clean_v4_veto-s47,clean_v4_veto,47,4000,8,0.000407,0.789855,0.789855,0.789855,0.656447
encoder,cln_rnd_v4_fiab-s42,cln_rnd_v4_fiab,42,4000,8,0.001593,0.913389,0.913389,0.913389,0.831654
encoder,cln_rnd_v4_fiab-s43,cln_rnd_v4_fiab,43,4000,8,0.001393,0.916839,0.916839,0.916839,0.825184
encoder,cln_rnd_v4_fiab-s44,cln_rnd_v4_fiab,44,4000,8,0.001328,0.922015,0.922015,0.922015,0.828801
encoder,cln_rnd_v4_fiab-s45,cln_rnd_v4_fiab,45,4000,8,0.001213,0.91891,0.91891,0.91891,0.828702
encoder,cln_rnd_v4_fiab-s46,cln_rnd_v4_fiab,46,4000,8,0.001345,0.917529,0.917529,0.917529,0.829475
encoder,cln_rnd_v4_fiab-s47,cln_rnd_v4_fiab,47,4000,8,0.00119,0.92236,0.92236,0.92236,0.839645
encoder,cln_rnd_v4_verif-s42,cln_rnd_v4_verif,42,4000,8,0.002482,0.927881,0.927881,0.927881,0.859518
encoder,cln_rnd_v4_verif-s43,cln_rnd_v4_verif,43,4000,8,0.002334,0.924776,0.924776,0.924776,0.845233
encoder,cln_rnd_v4_verif-s44,cln_rnd_v4_verif,44,4000,8,0.002483,0.924431,0.924431,0.924431,0.842418
encoder,cln_rnd_v4_verif-s45,cln_rnd_v4_verif,45,4000,8,0.002639,0.928571,0.928571,0.928571,0.855541
encoder,cln_rnd_v4_verif-s46,cln_rnd_v4_verif,46,4000,8,0.00185,0.928571,0.928571,0.928571,0.851706
encoder,cln_rnd_v4_verif-s47,cln_rnd_v4_verif,47,4000,8,0.003161,0.927536,0.927536,0.927536,0.849578
encoder,cln_rnd_v4_veto-s42,cln_rnd_v4_veto,42,4000,8,0.000739,0.898206,0.898206,0.898206,0.792319
encoder,cln_rnd_v4_veto-s43,cln_rnd_v4_veto,43,4000,8,0.000772,0.903382,0.903382,0.903382,0.797998
encoder,cln_rnd_v4_veto-s44,cln_rnd_v4_veto,44,4000,8,0.000766,0.903037,0.903037,0.903037,0.794921
encoder,cln_rnd_v4_veto-s45,cln_rnd_v4_veto,45,4000,8,0.000785,0.902346,0.902346,0.902346,0.799465
encoder,cln_rnd_v4_veto-s46,cln_rnd_v4_veto,46,4000,8,0.000713,0.909593,0.909593,0.909593,0.812067
encoder,cln_rnd_v4_veto-s47,cln_rnd_v4_veto,47,4000,8,0.000768,0.905107,0.905107,0.905107,0.805079
encoder,filt_v4_fiab-s42,filt_v4_fiab,42,4000,8,0.003725,0.813665,0.813665,0.813665,0.68748
encoder,filt_v4_fiab-s43,filt_v4_fiab,43,4000,8,0.00503,0.809869,0.809869,0.809869,0.679427
encoder,filt_v4_fiab-s44,filt_v4_fiab,44,4000,8,0.003687,0.808144,0.808144,0.808144,0.6727
encoder,filt_v4_fiab-s45,filt_v4_fiab,45,4000,8,0.003955,0.823326,0.823326,0.823326,0.693571
encoder,filt_v4_fiab-s46,filt_v4_fiab,46,4000,8,0.00452,0.809869,0.809869,0.809869,0.684898
encoder,filt_v4_fiab-s47,filt_v4_fiab,47,4000,8,0.004298,0.815735,0.815735,0.815735,0.678389
encoder,filt_v4_verif-s42,filt_v4_verif,42,4000,8,0.269585,0.805728,0.805728,0.805728,0.660238
encoder,filt_v4_verif-s43,filt_v4_verif,43,4000,8,0.235197,0.796066,0.796066,0.796066,0.634909
encoder,filt_v4_verif-s44,filt_v4_verif,44,4000,8,0.22963,0.795376,0.795376,0.795376,0.639032
encoder,filt_v4_verif-s45,filt_v4_verif,45,4000,8,0.26795,0.78951,0.78951,0.78951,0.633072
encoder,filt_v4_verif-s46,filt_v4_verif,46,4000,8,0.212718,0.792271,0.792271,0.792271,0.632678
encoder,filt_v4_verif-s47,filt_v4_verif,47,4000,8,0.254985,0.800207,0.800207,0.800207,0.642546
encoder,filt_v4_veto-s42,filt_v4_veto,42,4000,8,0.001376,0.831263,0.831263,0.831263,0.706033
encoder,filt_v4_veto-s43,filt_v4_veto,43,4000,8,0.001368,0.826087,0.826087,0.826087,0.692337
encoder,filt_v4_veto-s44,filt_v4_veto,44,4000,8,0.00107,0.837129,0.837129,0.837129,0.700698
encoder,filt_v4_veto-s45,filt_v4_veto,45,4000,8,0.00098,0.834023,0.834023,0.834023,0.696746
encoder,filt_v4_veto-s46,filt_v4_veto,46,4000,8,0.000953,0.832298,0.832298,0.832298,0.70611
encoder,filt_v4_veto-s46.PARTIEL_3500pas,filt_v4_veto-s46.PARTIEL_3500pas,,3500,7,0.001772,0.832643,0.832643,0.832643,0.707711
encoder,filt_v4_veto-s47,filt_v4_veto,47,4000,8,0.001314,0.829538,0.829538,0.829538,0.703818
encoder,hp-drop005,hp-drop005,,4000,8,0.001762,0.925811,0.925811,0.925811,0.850095
encoder,hp-drop02,hp-drop02,,4000,8,0.002588,0.928226,0.928226,0.928226,0.861359
encoder,hp-drop04,hp-drop04,,4000,8,0.007291,0.922015,0.922015,0.922015,0.843655
encoder,hp-reg,hp-reg,,3000,6,0.034885,0.915114,0.915114,0.915114,0.81863
encoder,hp-trial5,hp-trial5,,3000,6,0.00991,0.927536,0.927536,0.927536,0.846694
encoder,n50_filt_v4_fiab-s42,n50_filt_v4_fiab,42,4000,8,0.002657,0.755694,0.755694,0.755694,0.593032
encoder,n50_filt_v4_fiab-s43,n50_filt_v4_fiab,43,4000,8,0.003175,0.750863,0.750863,0.750863,0.58604
encoder,n50_filt_v4_fiab-s44,n50_filt_v4_fiab,44,4000,8,0.002409,0.757074,0.757074,0.757074,0.592611
encoder,n50_filt_v4_fiab-s45,n50_filt_v4_fiab,45,4000,8,0.002644,0.754313,0.754313,0.754313,0.592771
encoder,n50_filt_v4_fiab-s46,n50_filt_v4_fiab,46,4000,8,0.003032,0.743616,0.743616,0.743616,0.576935
encoder,n50_filt_v4_fiab-s47,n50_filt_v4_fiab,47,4000,8,0.002675,0.745687,0.745687,0.745687,0.582124
encoder,n50_filt_v4_verif-s42,n50_filt_v4_verif,42,4000,8,0.470257,0.675293,0.675293,0.675293,0.505862
encoder,n50_filt_v4_verif-s43,n50_filt_v4_verif,43,4000,8,0.499936,0.679779,0.679779,0.679779,0.505887
encoder,n50_filt_v4_verif-s44,n50_filt_v4_verif,44,4000,8,0.399292,0.673568,0.673568,0.673568,0.522333
encoder,n50_filt_v4_verif-s45,n50_filt_v4_verif,45,4000,8,0.451041,0.668737,0.668737,0.668737,0.495394
encoder,n50_filt_v4_verif-s46,n50_filt_v4_verif,46,4000,8,0.498723,0.675638,0.675638,0.675638,0.489015
encoder,n50_filt_v4_verif-s47,n50_filt_v4_verif,47,4000,8,0.420549,0.666322,0.666322,0.666322,0.500145
encoder,n50_filt_v4_veto-s42,n50_filt_v4_veto,42,4000,8,0.000536,0.715321,0.715321,0.715321,0.546174
encoder,n50_filt_v4_veto-s43,n50_filt_v4_veto,43,4000,8,0.000464,0.714631,0.714631,0.714631,0.544236
encoder,n50_filt_v4_veto-s44,n50_filt_v4_veto,44,4000,8,0.000533,0.710835,0.710835,0.710835,0.545031
encoder,n50_filt_v4_veto-s45,n50_filt_v4_veto,45,4000,8,0.000521,0.710145,0.710145,0.710145,0.536607
encoder,n50_filt_v4_veto-s46,n50_filt_v4_veto,46,4000,8,0.000493,0.717046,0.717046,0.717046,0.5503
encoder,n50_filt_v4_veto-s47,n50_filt_v4_veto,47,4000,8,0.000523,0.718427,0.718427,0.718427,0.540245
encoder,n50_noisy_v4-s42,n50_noisy_v4,42,4000,8,1.237984,0.649068,0.649068,0.649068,0.462192
encoder,n50_noisy_v4-s43,n50_noisy_v4,43,4000,8,1.20453,0.65528,0.65528,0.65528,0.470587
encoder,n50_noisy_v4-s44,n50_noisy_v4,44,4000,8,1.245096,0.643202,0.643202,0.643202,0.456138
encoder,n50_noisy_v4-s45,n50_noisy_v4,45,4000,8,1.371755,0.647343,0.647343,0.647343,0.45737
encoder,n50_noisy_v4-s46,n50_noisy_v4,46,4000,8,1.298618,0.65666,0.65666,0.65666,0.46542
encoder,n50_noisy_v4-s47,n50_noisy_v4,47,4000,8,1.313358,0.643892,0.643892,0.643892,0.459176
encoder,n50_rnd_v4_fiab-s42,n50_rnd_v4_fiab,42,4000,8,0.020478,0.541753,0.541753,0.541753,0.331899
encoder,n50_rnd_v4_fiab-s43,n50_rnd_v4_fiab,43,4000,8,0.020907,0.530366,0.530366,0.530366,0.32264
encoder,n50_rnd_v4_fiab-s44,n50_rnd_v4_fiab,44,4000,8,0.013688,0.533471,0.533471,0.533471,0.336183
encoder,n50_rnd_v4_fiab-s45,n50_rnd_v4_fiab,45,4000,8,0.017824,0.528295,0.528295,0.528295,0.323687
encoder,n50_rnd_v4_fiab-s46,n50_rnd_v4_fiab,46,4000,8,0.022579,0.523119,0.523119,0.523119,0.331182
encoder,n50_rnd_v4_fiab-s47,n50_rnd_v4_fiab,47,4000,8,0.018547,0.516563,0.516563,0.516563,0.328829
encoder,n50_rnd_v4_verif-s42,n50_rnd_v4_verif,42,4000,8,0.754164,0.630435,0.630435,0.630435,0.43092
encoder,n50_rnd_v4_verif-s43,n50_rnd_v4_verif,43,4000,8,0.703614,0.616977,0.616977,0.616977,0.42764
encoder,n50_rnd_v4_verif-s44,n50_rnd_v4_verif,44,4000,8,0.6347,0.60628,0.60628,0.60628,0.421585
encoder,n50_rnd_v4_verif-s45,n50_rnd_v4_verif,45,4000,8,0.710955,0.619048,0.619048,0.619048,0.429187
encoder,n50_rnd_v4_verif-s46,n50_rnd_v4_verif,46,4000,8,0.657151,0.619738,0.619738,0.619738,0.430499
encoder,n50_rnd_v4_verif-s47,n50_rnd_v4_verif,47,4000,8,0.606478,0.614217,0.614217,0.614217,0.433827
encoder,n50_rnd_v4_veto-s42,n50_rnd_v4_veto,42,4000,8,0.002648,0.497239,0.497239,0.497239,0.288294
encoder,n50_rnd_v4_veto-s43,n50_rnd_v4_veto,43,4000,8,0.002639,0.498275,0.498275,0.498275,0.295116
encoder,n50_rnd_v4_veto-s44,n50_rnd_v4_veto,44,4000,8,0.002514,0.50138,0.50138,0.50138,0.309239
encoder,n50_rnd_v4_veto-s45,n50_rnd_v4_veto,45,4000,8,0.002662,0.500345,0.500345,0.500345,0.3007
encoder,n50_rnd_v4_veto-s46,n50_rnd_v4_veto,46,4000,8,0.002755,0.50138,0.50138,0.50138,0.29328
encoder,n50_rnd_v4_veto-s47,n50_rnd_v4_veto,47,4000,8,0.002586,0.504141,0.504141,0.504141,0.290726
encoder,n80_filt_v4_fiab-s42,n80_filt_v4_fiab,42,4000,8,0.000806,0.535542,0.535542,0.535542,0.37312
encoder,n80_filt_v4_fiab-s43,n80_filt_v4_fiab,43,4000,8,0.000891,0.543478,0.543478,0.543478,0.376676
encoder,n80_filt_v4_fiab-s44,n80_filt_v4_fiab,44,4000,8,0.000841,0.555901,0.555901,0.555901,0.390851
encoder,n80_filt_v4_fiab-s45,n80_filt_v4_fiab,45,4000,8,0.000906,0.536577,0.536577,0.536577,0.372536
encoder,n80_filt_v4_fiab-s46,n80_filt_v4_fiab,46,4000,8,0.000885,0.534161,0.534161,0.534161,0.371438
encoder,n80_filt_v4_fiab-s47,n80_filt_v4_fiab,47,4000,8,0.000796,0.539337,0.539337,0.539337,0.374693
encoder,n80_filt_v4_verif-s42,n80_filt_v4_verif,42,4000,8,0.842038,0.354037,0.354037,0.354037,0.2381
encoder,n80_filt_v4_verif-s43,n80_filt_v4_verif,43,4000,8,0.870028,0.361284,0.361284,0.361284,0.258741
encoder,n80_filt_v4_verif-s44,n80_filt_v4_verif,44,4000,8,0.710162,0.351277,0.351277,0.351277,0.235834
encoder,n80_filt_v4_verif-s45,n80_filt_v4_verif,45,4000,8,0.819163,0.352312,0.352312,0.352312,0.238326
encoder,n80_filt_v4_verif-s46,n80_filt_v4_verif,46,4000,8,0.757253,0.359213,0.359213,0.359213,0.240845
encoder,n80_filt_v4_verif-s47,n80_filt_v4_verif,47,4000,8,0.834721,0.346101,0.346101,0.346101,0.246465
encoder,n80_filt_v4_veto-s42,n80_filt_v4_veto,42,4000,8,0.000237,0.573499,0.573499,0.573499,0.369548
encoder,n80_filt_v4_veto-s43,n80_filt_v4_veto,43,4000,8,0.000265,0.581781,0.581781,0.581781,0.388258
encoder,n80_filt_v4_veto-s44,n80_filt_v4_veto,44,4000,8,0.000232,0.567978,0.567978,0.567978,0.373673
encoder,n80_filt_v4_veto-s45,n80_filt_v4_veto,45,4000,8,0.000241,0.573154,0.573154,0.573154,0.370307
encoder,n80_filt_v4_veto-s46,n80_filt_v4_veto,46,4000,8,0.000238,0.569013,0.569013,0.569013,0.368836
encoder,n80_filt_v4_veto-s47,n80_filt_v4_veto,47,4000,8,0.000231,0.559696,0.559696,0.559696,0.363415
encoder,n80_noisy_v4-s42,n80_noisy_v4,42,4000,8,3.228119,0.363009,0.363009,0.363009,0.218525
encoder,n80_noisy_v4-s43,n80_noisy_v4,43,4000,8,3.261446,0.373361,0.373361,0.373361,0.228291
encoder,n80_noisy_v4-s44,n80_noisy_v4,44,4000,8,3.108483,0.372326,0.372326,0.372326,0.228844
encoder,n80_noisy_v4-s45,n80_noisy_v4,45,4000,8,3.212465,0.353002,0.353002,0.353002,0.224573
encoder,n80_noisy_v4-s46,n80_noisy_v4,46,4000,8,2.914531,0.34472,0.34472,0.34472,0.219258
encoder,n80_noisy_v4-s47,n80_noisy_v4,47,4000,8,3.380017,0.360594,0.360594,0.360594,0.220758
encoder,n80_rnd_v4_fiab-s43,n80_rnd_v4_fiab,43,4000,8,0.001586,0.222912,0.222912,0.222912,0.124591
encoder,n80_rnd_v4_fiab-s44,n80_rnd_v4_fiab,44,4000,8,0.0014,0.219117,0.219117,0.219117,0.12956
encoder,n80_rnd_v4_fiab-s45,n80_rnd_v4_fiab,45,4000,8,0.001585,0.221187,0.221187,0.221187,0.129559
encoder,n80_rnd_v4_fiab-s46,n80_rnd_v4_fiab,46,4000,8,0.001656,0.226018,0.226018,0.226018,0.129802
encoder,n80_rnd_v4_fiab-s47,n80_rnd_v4_fiab,47,4000,8,0.001593,0.218772,0.218772,0.218772,0.131835
encoder,n80_rnd_v4_verif-s42,n80_rnd_v4_verif,42,4000,8,1.383023,0.304348,0.304348,0.304348,0.203491
encoder,n80_rnd_v4_verif-s43,n80_rnd_v4_verif,43,4000,8,1.212417,0.295376,0.295376,0.295376,0.198744
encoder,n80_rnd_v4_verif-s44,n80_rnd_v4_verif,44,4000,8,1.163376,0.307453,0.307453,0.307453,0.20736
encoder,n80_rnd_v4_verif-s45,n80_rnd_v4_verif,45,4000,8,1.128909,0.296066,0.296066,0.296066,0.197374
encoder,n80_rnd_v4_verif-s46,n80_rnd_v4_verif,46,4000,8,1.184931,0.29089,0.29089,0.29089,0.187039
encoder,n80_rnd_v4_verif-s47,n80_rnd_v4_verif,47,4000,8,1.317122,0.298482,0.298482,0.298482,0.196225
encoder,n80_rnd_v4_veto-s42,n80_rnd_v4_veto,42,4000,8,0.000549,0.18668,0.18668,0.18668,0.102648
encoder,n80_rnd_v4_veto-s43,n80_rnd_v4_veto,43,4000,8,0.000555,0.190131,0.190131,0.190131,0.10584
encoder,n80_rnd_v4_veto-s44,n80_rnd_v4_veto,44,4000,8,0.000548,0.195652,0.195652,0.195652,0.110495
encoder,n80_rnd_v4_veto-s45,n80_rnd_v4_veto,45,4000,8,0.000516,0.187716,0.187716,0.187716,0.102649
encoder,n80_rnd_v4_veto-s46,n80_rnd_v4_veto,46,4000,8,0.000522,0.198068,0.198068,0.198068,0.110383
encoder,n80_rnd_v4_veto-s47,n80_rnd_v4_veto,47,4000,8,0.000541,0.18668,0.18668,0.18668,0.100675
encoder,noise-clean-s42,noise-clean,42,4000,8,0.002537,0.923741,0.923741,0.923741,0.849355
encoder,noise-clean-s42-contr,noise-clean-s42-contr,,4000,8,0.001297,0.933402,0.933402,0.933402,0.857128
encoder,noise-clean-s43,noise-clean,43,4000,8,0.002165,0.924086,0.924086,0.924086,0.849704
encoder,noise-clean-s43-contr,noise-clean-s43-contr,,4000,8,0.001263,0.938233,0.938233,0.938233,0.874242
encoder,noise-clean-s44,noise-clean,44,4000,8,0.003047,0.925466,0.925466,0.925466,0.847664
encoder,noise-clean-s44-contr,noise-clean-s44-contr,,4000,8,0.001144,0.938578,0.938578,0.938578,0.872429
encoder,noise-clean-s45,noise-clean,45,4000,8,0.002237,0.923395,0.923395,0.923395,0.843066
encoder,noise-clean-s46,noise-clean,46,4000,8,0.002227,0.925811,0.925811,0.925811,0.83943
encoder,noise-clean-s47,noise-clean,47,4000,8,0.002748,0.926156,0.926156,0.926156,0.851239
encoder,noise-clean_fiab-s42,noise-clean_fiab,42,4000,8,0.001483,0.910283,0.910283,0.910283,0.828686
encoder,noise-clean_fiab-s43,noise-clean_fiab,43,4000,8,0.001661,0.908558,0.908558,0.908558,0.831716
encoder,noise-clean_fiab-s44,noise-clean_fiab,44,4000,8,0.00176,0.904417,0.904417,0.904417,0.815533
encoder,noise-clean_fiab-s45,noise-clean_fiab,45,4000,8,0.001858,0.905797,0.905797,0.905797,0.814441
encoder,noise-clean_fiab-s46,noise-clean_fiab,46,4000,8,0.001502,0.908903,0.908903,0.908903,0.81789
encoder,noise-clean_fiab-s47,noise-clean_fiab,47,4000,8,0.001513,0.904417,0.904417,0.904417,0.814891
encoder,noise-clean_rnd-s42,noise-clean_rnd,42,4000,8,0.001618,0.92029,0.92029,0.92029,0.835029
encoder,noise-clean_rnd-s43,noise-clean_rnd,43,4000,8,0.00161,0.916839,0.916839,0.916839,0.828397
encoder,noise-clean_rnd-s44,noise-clean_rnd,44,4000,8,0.001699,0.922705,0.922705,0.922705,0.828022
encoder,noise-clean_rnd-s45,noise-clean_rnd,45,4000,8,0.00197,0.916839,0.916839,0.916839,0.833963
encoder,noise-clean_rnd-s46,noise-clean_rnd,46,4000,8,0.002189,0.92029,0.92029,0.92029,0.834242
encoder,noise-clean_rnd-s47,noise-clean_rnd,47,4000,8,0.002137,0.919945,0.919945,0.919945,0.832944
encoder,noise-filtered-s42,noise-filtered,42,4000,8,0.032672,0.828847,0.828847,0.828847,0.692328
encoder,noise-filtered-s43,noise-filtered,43,4000,8,0.033912,0.822291,0.822291,0.822291,0.687583
encoder,noise-filtered-s44,noise-filtered,44,4000,8,0.043909,0.825742,0.825742,0.825742,0.685862
encoder,noise-filtered-s45,noise-filtered,45,4000,8,0.038294,0.828157,0.828157,0.828157,0.699117
encoder,noise-filtered-s46,noise-filtered,46,4000,8,0.033965,0.826432,0.826432,0.826432,0.698148
encoder,noise-filtered-s47,noise-filtered,47,4000,8,0.037914,0.822981,0.822981,0.822981,0.674537
encoder,noise-filtered_v3-s42,noise-filtered_v3,42,4000,8,0.028747,0.818496,0.818496,0.818496,0.682246
encoder,noise-filtered_v3-s43,noise-filtered_v3,43,4000,8,0.024605,0.825052,0.825052,0.825052,0.689699
encoder,noise-filtered_v3-s44,noise-filtered_v3,44,4000,8,0.021387,0.821601,0.821601,0.821601,0.672213
encoder,noise-filtered_v3-s45,noise-filtered_v3,45,4000,8,0.022138,0.825742,0.825742,0.825742,0.694317
encoder,noise-filtered_v3-s46,noise-filtered_v3,46,4000,8,0.02334,0.822291,0.822291,0.822291,0.688464
encoder,noise-filtered_v3-s47,noise-filtered_v3,47,4000,8,0.023936,0.822291,0.822291,0.822291,0.683372
encoder,noise-noisy-s42,noise-noisy,42,4000,8,0.567839,0.78813,0.78813,0.78813,0.630512
encoder,noise-noisy-s43,noise-noisy,43,4000,8,0.511778,0.780883,0.780883,0.780883,0.602554
encoder,noise-noisy-s44,noise-noisy,44,4000,8,0.481055,0.776398,0.776398,0.776398,0.608254
encoder,noise-noisy-s45,noise-noisy,45,4000,8,0.53498,0.784334,0.784334,0.784334,0.626222
encoder,noise-noisy-s46,noise-noisy,46,4000,8,0.502315,0.777778,0.777778,0.777778,0.613231
encoder,noise-noisy-s47,noise-noisy,47,4000,8,0.447476,0.780538,0.780538,0.780538,0.607708
encoder,noise-oracle-s42,noise-oracle,42,4000,8,0.001047,0.902001,0.902001,0.902001,0.802768
encoder,noise-oracle-s43,noise-oracle,43,4000,8,0.000803,0.905107,0.905107,0.905107,0.805219
encoder,noise-oracle-s44,noise-oracle,44,4000,8,0.00114,0.909248,0.909248,0.909248,0.814068
encoder,noise-oracle-s45,noise-oracle,45,4000,8,0.001036,0.899241,0.899241,0.899241,0.795314
encoder,noise-oracle-s46,noise-oracle,46,4000,8,0.000931,0.913043,0.913043,0.913043,0.812725
encoder,noise-oracle-s47,noise-oracle,47,4000,8,0.000831,0.910283,0.910283,0.910283,0.807255
encoder,noise-randomdrop-s42,noise-randomdrop,42,4000,8,0.14283,0.745687,0.745687,0.745687,0.588883
encoder,noise-randomdrop-s43,noise-randomdrop,43,4000,8,0.151624,0.741546,0.741546,0.741546,0.570363
encoder,noise-randomdrop-s44,noise-randomdrop,44,4000,8,0.125164,0.7343,0.7343,0.7343,0.559091
encoder,noise-randomdrop-s45,noise-randomdrop,45,4000,8,0.156662,0.745687,0.745687,0.745687,0.571471
encoder,noise-randomdrop-s46,noise-randomdrop,46,4000,8,0.143424,0.73844,0.73844,0.73844,0.553702
encoder,noise-randomdrop-s47,noise-randomdrop,47,4000,8,0.136934,0.749827,0.749827,0.749827,0.581382
encoder,noise-randomdrop_v3-s42,noise-randomdrop_v3,42,4000,8,0.150377,0.717391,0.717391,0.717391,0.528639
encoder,noise-randomdrop_v3-s43,noise-randomdrop_v3,43,4000,8,0.140969,0.729814,0.729814,0.729814,0.542715
encoder,noise-randomdrop_v3-s44,noise-randomdrop_v3,44,4000,8,0.124125,0.718772,0.718772,0.718772,0.532363
encoder,noise-randomdrop_v3-s45,noise-randomdrop_v3,45,4000,8,0.145136,0.726018,0.726018,0.726018,0.526116
encoder,noise-randomdrop_v3-s46,noise-randomdrop_v3,46,4000,8,0.130055,0.727743,0.727743,0.727743,0.543074
encoder,noise-randomdrop_v3-s47,noise-randomdrop_v3,47,4000,8,0.126554,0.733609,0.733609,0.733609,0.545058
encoder,noisy-s42,noisy,42,4000,8,0.5359,0.787785,0.787785,0.787785,0.62644
encoder,noisy-s43,noisy,43,4000,8,0.491621,0.773982,0.773982,0.773982,0.595612
encoder,noisy-s44,noisy,44,4000,8,0.473971,0.779503,0.779503,0.779503,0.60564
encoder,noisy-s45,noisy,45,4000,8,0.528745,0.777778,0.777778,0.777778,0.616718
encoder,noisy-s46,noisy,46,4000,8,0.510929,0.768116,0.768116,0.768116,0.607645
encoder,noisy-s47,noisy,47,4000,8,0.466493,0.781573,0.781573,0.781573,0.607145
encoder,raw,raw,,4000,8,0.001969,0.929262,0.929262,0.929262,0.85244
encoder,ref-ref_all_brut-ls0.5-s42,ref-ref_all_brut-ls0.5,42,4000,8,0.08595,0.935128,0.935128,0.935128,0.868283
encoder,ref-ref_all_brut-ls0.5-s43,ref-ref_all_brut-ls0.5,43,4000,8,0.086072,0.934438,0.934438,0.934438,0.87004
encoder,ref-ref_all_brut-ls0.5-s44,ref-ref_all_brut-ls0.5,44,4000,8,0.088233,0.937543,0.937543,0.937543,0.875459
encoder,ref-ref_all_brutsub-ls0.5-s42,ref-ref_all_brutsub-ls0.5,42,4000,8,0.057613,0.935473,0.935473,0.935473,0.866708
encoder,ref-ref_all_brutsub-ls0.5-s43,ref-ref_all_brutsub-ls0.5,43,4000,8,0.056203,0.935128,0.935128,0.935128,0.877802
encoder,ref-ref_all_brutsub-ls0.5-s44,ref-ref_all_brutsub-ls0.5,44,4000,8,0.05772,0.930987,0.930987,0.930987,0.870986
encoder,ref-ref_all_fiab-ls0.5-s42,ref-ref_all_fiab-ls0.5,42,4000,8,0.059953,0.930297,0.930297,0.930297,0.860464
encoder,ref-ref_all_fiab-ls0.5-s43,ref-ref_all_fiab-ls0.5,43,4000,8,0.058716,0.929952,0.929952,0.929952,0.868153
encoder,ref-ref_all_fiab-ls0.5-s44,ref-ref_all_fiab-ls0.5,44,4000,8,0.060309,0.932712,0.932712,0.932712,0.876175
encoder,ref-ref_all_marge-ls0.5-s42,ref-ref_all_marge-ls0.5,42,4000,8,0.038217,0.937198,0.937198,0.937198,0.875112
encoder,ref-ref_all_marge-ls0.5-s43,ref-ref_all_marge-ls0.5,43,4000,8,0.037469,0.938578,0.938578,0.938578,0.881956
encoder,ref-ref_all_marge-ls0.5-s44,ref-ref_all_marge-ls0.5,44,4000,8,0.038291,0.935128,0.935128,0.935128,0.87375
encoder,ref-ref_all_strat-ls0.5-s42,ref-ref_all_strat-ls0.5,42,4000,8,0.059488,0.933402,0.933402,0.933402,0.86681
encoder,ref-ref_all_strat-ls0.5-s42-filtered,ref-ref_all_strat-ls0.5-s42-filtered,,4000,8,0.130272,0.835059,0.835059,0.835059,0.721594
encoder,ref-ref_all_strat-ls0.5-s42-noisy,ref-ref_all_strat-ls0.5-s42-noisy,,4000,8,0.653104,0.798137,0.798137,0.798137,0.671516
encoder,ref-ref_all_strat-ls0.5-s42-randomdrop,ref-ref_all_strat-ls0.5-s42-randomdrop,,4000,8,0.281618,0.772947,0.772947,0.772947,0.652492
encoder,ref-ref_all_strat-ls0.5-s43,ref-ref_all_strat-ls0.5,43,4000,8,0.059979,0.930297,0.930297,0.930297,0.872961
encoder,ref-ref_all_strat-ls0.5-s43-filtered,ref-ref_all_strat-ls0.5-s43-filtered,,4000,8,0.135413,0.848516,0.848516,0.848516,0.744722
encoder,ref-ref_all_strat-ls0.5-s43-noisy,ref-ref_all_strat-ls0.5-s43-noisy,,4000,8,0.583201,0.792616,0.792616,0.792616,0.658068
encoder,ref-ref_all_strat-ls0.5-s43-randomdrop,ref-ref_all_strat-ls0.5-s43-randomdrop,,4000,8,0.289157,0.778123,0.778123,0.778123,0.653332
encoder,ref-ref_all_strat-ls0.5-s44,ref-ref_all_strat-ls0.5,44,4000,8,0.060617,0.933402,0.933402,0.933402,0.876378
encoder,ref-ref_all_strat-ls0.5-s44-filtered,ref-ref_all_strat-ls0.5-s44-filtered,,4000,8,0.143876,0.847481,0.847481,0.847481,0.749164
encoder,ref-ref_all_strat-ls0.5-s44-noisy,ref-ref_all_strat-ls0.5-s44-noisy,,4000,8,0.653383,0.805038,0.805038,0.805038,0.66854
encoder,ref-ref_all_strat-ls0.5-s44-randomdrop,ref-ref_all_strat-ls0.5-s44-randomdrop,,4000,8,0.265742,0.762595,0.762595,0.762595,0.623056
encoder,ref-ref_fiab-ls0.1-s42,ref-ref_fiab-ls0.1,42,4000,8,0.008368,0.933402,0.933402,0.933402,0.86649
encoder,ref-ref_fiab-ls0.1-s43,ref-ref_fiab-ls0.1,43,4000,8,0.00834,0.925811,0.925811,0.925811,0.8395
encoder,ref-ref_fiab-ls0.1-s44,ref-ref_fiab-ls0.1,44,4000,8,0.008391,0.930987,0.930987,0.930987,0.860779
encoder,ref-ref_fiab-ls0.5-s42,ref-ref_fiab-ls0.5,42,4000,8,0.013593,0.932022,0.932022,0.932022,0.851617
encoder,ref-ref_fiab-ls0.5-s43,ref-ref_fiab-ls0.5,43,4000,8,0.013564,0.930987,0.930987,0.930987,0.853193
encoder,ref-ref_fiab-ls0.5-s44,ref-ref_fiab-ls0.5,44,4000,8,0.014168,0.930987,0.930987,0.930987,0.865188
encoder,ref-ref_gold-ls0.1-s42,ref-ref_gold-ls0.1,42,4000,8,0.031424,0.926156,0.926156,0.926156,0.857782
encoder,ref-ref_gold-ls0.1-s43,ref-ref_gold-ls0.1,43,4000,8,0.031468,0.934092,0.934092,0.934092,0.866967
encoder,ref-ref_gold-ls0.1-s44,ref-ref_gold-ls0.1,44,4000,8,0.030841,0.931677,0.931677,0.931677,0.869876
encoder,ref-ref_gold-ls0.5-s42,ref-ref_gold-ls0.5,42,4000,8,0.062872,0.934783,0.934783,0.934783,0.873141
encoder,ref-ref_gold-ls0.5-s43,ref-ref_gold-ls0.5,43,4000,8,0.063855,0.930297,0.930297,0.930297,0.867368
encoder,ref-ref_gold-ls0.5-s44,ref-ref_gold-ls0.5,44,4000,8,0.064014,0.939614,0.939614,0.939614,0.886884
encoder,ref-ref_gold-ls1.0-s42,ref-ref_gold-ls1.0,42,4000,8,0.108544,0.932712,0.932712,0.932712,0.870535
encoder,ref-ref_gold-ls1.0-s43,ref-ref_gold-ls1.0,43,4000,8,0.109296,0.928571,0.928571,0.928571,0.865862
encoder,ref-ref_gold-ls1.0-s44,ref-ref_gold-ls1.0,44,4000,8,0.10855,0.935818,0.935818,0.935818,0.876691
encoder,ref-ref_gold_brutsub-ls0.5-s42,ref-ref_gold_brutsub-ls0.5,42,4000,8,0.079883,0.930987,0.930987,0.930987,0.870544
encoder,ref-ref_gold_brutsub-ls0.5-s43,ref-ref_gold_brutsub-ls0.5,43,4000,8,0.079736,0.930987,0.930987,0.930987,0.872327
encoder,ref-ref_gold_brutsub-ls0.5-s44,ref-ref_gold_brutsub-ls0.5,44,4000,8,0.07972,0.932367,0.932367,0.932367,0.870607
encoder,ref-ref_gold_fiab-ls0.1-s42,ref-ref_gold_fiab-ls0.1,42,4000,8,0.036971,0.930987,0.930987,0.930987,0.868155
encoder,ref-ref_gold_fiab-ls0.1-s43,ref-ref_gold_fiab-ls0.1,43,4000,8,0.036131,0.935473,0.935473,0.935473,0.873737
encoder,ref-ref_gold_fiab-ls0.1-s44,ref-ref_gold_fiab-ls0.1,44,4000,8,0.036914,0.937543,0.937543,0.937543,0.875545
encoder,ref-ref_gold_fiab-ls0.5-s42,ref-ref_gold_fiab-ls0.5,42,4000,8,0.07457,0.937543,0.937543,0.937543,0.872536
encoder,ref-ref_gold_fiab-ls0.5-s43,ref-ref_gold_fiab-ls0.5,43,4000,8,0.073551,0.934783,0.934783,0.934783,0.876504
encoder,ref-ref_gold_fiab-ls0.5-s44,ref-ref_gold_fiab-ls0.5,44,4000,8,0.075884,0.934438,0.934438,0.934438,0.870559
encoder,ref-ref_gold_fiab-ls1.0-s42,ref-ref_gold_fiab-ls1.0,42,4000,8,0.123686,0.935818,0.935818,0.935818,0.873696
encoder,ref-ref_gold_fiab-ls1.0-s43,ref-ref_gold_fiab-ls1.0,43,4000,8,0.121096,0.932367,0.932367,0.932367,0.868243
encoder,ref-ref_gold_fiab-ls1.0-s44,ref-ref_gold_fiab-ls1.0,44,4000,8,0.128198,0.936508,0.936508,0.936508,0.878324
encoder,refv4-ref_gold-ls0.5-s42,refv4-ref_gold-ls0.5,42,4000,8,0.064017,0.931332,0.931332,0.931332,0.86553
encoder,refv4-ref_gold-ls0.5-s43,refv4-ref_gold-ls0.5,43,4000,8,0.064376,0.930987,0.930987,0.930987,0.873174
encoder,refv4-ref_gold-ls0.5-s44,refv4-ref_gold-ls0.5,44,4000,8,0.068179,0.937543,0.937543,0.937543,0.880366
encoder,refv4-ref_gold-ls0.5-s45,refv4-ref_gold-ls0.5,45,4000,8,0.061269,0.934783,0.934783,0.934783,0.872189
encoder,refv4-ref_gold-ls0.5-s46,refv4-ref_gold-ls0.5,46,4000,8,0.060713,0.938923,0.938923,0.938923,0.881332
encoder,refv4-ref_gold-s42,refv4-ref_gold,42,4000,8,0.034313,0.930297,0.930297,0.930297,0.863111
encoder,refv4-ref_gold-s43,refv4-ref_gold,43,4000,8,0.031627,0.928226,0.928226,0.928226,0.861637
encoder,refv4-ref_gold-s44,refv4-ref_gold,44,4000,8,0.032109,0.935473,0.935473,0.935473,0.876224
encoder,refv4-ref_gold-s45,refv4-ref_gold,45,4000,8,0.029825,0.934092,0.934092,0.934092,0.8714
encoder,refv4-ref_gold-s46,refv4-ref_gold,46,4000,8,0.028751,0.942719,0.942719,0.942719,0.894062
encoder,refv4-ref_gold_fiab-ls0.5-s42,refv4-ref_gold_fiab-ls0.5,42,4000,8,0.069065,0.933747,0.933747,0.933747,0.869107
encoder,refv4-ref_gold_fiab-ls0.5-s43,refv4-ref_gold_fiab-ls0.5,43,4000,8,0.068711,0.929952,0.929952,0.929952,0.86358
encoder,refv4-ref_gold_fiab-ls0.5-s44,refv4-ref_gold_fiab-ls0.5,44,4000,8,0.067321,0.933402,0.933402,0.933402,0.877737
encoder,refv4-ref_gold_fiab-ls0.5-s45,refv4-ref_gold_fiab-ls0.5,45,4000,8,0.069366,0.934092,0.934092,0.934092,0.87343
encoder,refv4-ref_gold_fiab-ls0.5-s46,refv4-ref_gold_fiab-ls0.5,46,4000,8,0.066664,0.941339,0.941339,0.941339,0.886484
encoder,refv4-ref_gold_fiab-s42,refv4-ref_gold_fiab,42,4000,8,0.034005,0.933402,0.933402,0.933402,0.862679
encoder,refv4-ref_gold_fiab-s43,refv4-ref_gold_fiab,43,4000,8,0.035758,0.929607,0.929607,0.929607,0.863219
encoder,refv4-ref_gold_fiab-s44,refv4-ref_gold_fiab,44,4000,8,0.03363,0.933747,0.933747,0.933747,0.873812
encoder,refv4-ref_gold_fiab-s45,refv4-ref_gold_fiab,45,4000,8,0.033698,0.937888,0.937888,0.937888,0.876413
encoder,refv4-ref_gold_fiab-s46,refv4-ref_gold_fiab,46,4000,8,0.031161,0.941339,0.941339,0.941339,0.886118
encoder,refv4-ref_gold_strat-ls0.5-s42,refv4-ref_gold_strat-ls0.5,42,4000,8,0.067723,0.933057,0.933057,0.933057,0.864875
encoder,refv4-ref_gold_strat-ls0.5-s43,refv4-ref_gold_strat-ls0.5,43,4000,8,0.068231,0.932712,0.932712,0.932712,0.872974
encoder,refv4-ref_gold_strat-ls0.5-s44,refv4-ref_gold_strat-ls0.5,44,4000,8,0.068056,0.938923,0.938923,0.938923,0.879465
encoder,refv4-ref_gold_strat-ls0.5-s45,refv4-ref_gold_strat-ls0.5,45,4000,8,0.06808,0.936853,0.936853,0.936853,0.877096
encoder,refv4-ref_gold_strat-ls0.5-s46,refv4-ref_gold_strat-ls0.5,46,4000,8,0.066578,0.935818,0.935818,0.935818,0.875708
encoder,refv4-ref_gold_strat-s42,refv4-ref_gold_strat,42,4000,8,0.033273,0.932712,0.932712,0.932712,0.862354
encoder,refv4-ref_gold_strat-s43,refv4-ref_gold_strat,43,4000,8,0.034454,0.934092,0.934092,0.934092,0.874735
encoder,refv4-ref_gold_strat-s44,refv4-ref_gold_strat,44,4000,8,0.032279,0.939614,0.939614,0.939614,0.888275
encoder,refv4-ref_gold_strat-s45,refv4-ref_gold_strat,45,4000,8,0.03247,0.933057,0.933057,0.933057,0.867197
encoder,refv4-ref_gold_strat-s46,refv4-ref_gold_strat,46,4000,8,0.032193,0.936163,0.936163,0.936163,0.874681
encoder,refv4-ref_gold_sub_fiab-ls0.5-s42,refv4-ref_gold_sub_fiab-ls0.5,42,4000,8,0.075785,0.934783,0.934783,0.934783,0.869047
encoder,refv4-ref_gold_sub_fiab-ls0.5-s43,refv4-ref_gold_sub_fiab-ls0.5,43,4000,8,0.074945,0.934438,0.934438,0.934438,0.87128
encoder,refv4-ref_gold_sub_fiab-ls0.5-s44,refv4-ref_gold_sub_fiab-ls0.5,44,4000,8,0.074871,0.931677,0.931677,0.931677,0.862618
encoder,refv4-ref_gold_sub_fiab-ls0.5-s45,refv4-ref_gold_sub_fiab-ls0.5,45,4000,8,0.07122,0.933747,0.933747,0.933747,0.872876
encoder,refv4-ref_gold_sub_fiab-ls0.5-s46,refv4-ref_gold_sub_fiab-ls0.5,46,4000,8,0.069488,0.943409,0.943409,0.943409,0.890086
encoder,refv4-ref_gold_sub_fiab-s42,refv4-ref_gold_sub_fiab,42,4000,8,0.037109,0.934783,0.934783,0.934783,0.865167
encoder,refv4-ref_gold_sub_fiab-s43,refv4-ref_gold_sub_fiab,43,4000,8,0.036665,0.935818,0.935818,0.935818,0.873252
encoder,refv4-ref_gold_sub_fiab-s44,refv4-ref_gold_sub_fiab,44,4000,8,0.036533,0.933747,0.933747,0.933747,0.87031
encoder,refv4-ref_gold_sub_fiab-s45,refv4-ref_gold_sub_fiab,45,4000,8,0.036927,0.931677,0.931677,0.931677,0.868341
encoder,refv4-ref_gold_sub_fiab-s46,refv4-ref_gold_sub_fiab,46,4000,8,0.034194,0.939614,0.939614,0.939614,0.882407
encoder,refv4-ref_gold_sub_verif-ls0.5-s42,refv4-ref_gold_sub_verif-ls0.5,42,4000,8,0.087006,0.936508,0.936508,0.936508,0.876144
encoder,refv4-ref_gold_sub_verif-ls0.5-s43,refv4-ref_gold_sub_verif-ls0.5,43,4000,8,0.085565,0.930987,0.930987,0.930987,0.872818
encoder,refv4-ref_gold_sub_verif-ls0.5-s44,refv4-ref_gold_sub_verif-ls0.5,44,4000,8,0.088061,0.935818,0.935818,0.935818,0.874197
encoder,refv4-ref_gold_sub_verif-ls0.5-s45,refv4-ref_gold_sub_verif-ls0.5,45,4000,8,0.08749,0.932022,0.932022,0.932022,0.867633
encoder,refv4-ref_gold_sub_verif-ls0.5-s46,refv4-ref_gold_sub_verif-ls0.5,46,4000,8,0.08265,0.936853,0.936853,0.936853,0.881742
encoder,refv4-ref_gold_sub_verif-s42,refv4-ref_gold_sub_verif,42,4000,8,0.041966,0.936508,0.936508,0.936508,0.879124
encoder,refv4-ref_gold_sub_verif-s43,refv4-ref_gold_sub_verif,43,4000,8,0.043155,0.932367,0.932367,0.932367,0.863925
encoder,refv4-ref_gold_sub_verif-s44,refv4-ref_gold_sub_verif,44,4000,8,0.042423,0.933402,0.933402,0.933402,0.865895
encoder,refv4-ref_gold_sub_verif-s45,refv4-ref_gold_sub_verif,45,4000,8,0.04182,0.929952,0.929952,0.929952,0.863405
encoder,refv4-ref_gold_sub_verif-s46,refv4-ref_gold_sub_verif,46,4000,8,0.038724,0.937198,0.937198,0.937198,0.876488
encoder,refv4-ref_gold_sub_veto-ls0.5-s42,refv4-ref_gold_sub_veto-ls0.5,42,4000,8,0.069393,0.933057,0.933057,0.933057,0.870924
encoder,refv4-ref_gold_sub_veto-ls0.5-s43,refv4-ref_gold_sub_veto-ls0.5,43,4000,8,0.070705,0.933747,0.933747,0.933747,0.868412
encoder,refv4-ref_gold_sub_veto-ls0.5-s44,refv4-ref_gold_sub_veto-ls0.5,44,4000,8,0.070163,0.936853,0.936853,0.936853,0.879501
encoder,refv4-ref_gold_sub_veto-ls0.5-s45,refv4-ref_gold_sub_veto-ls0.5,45,4000,8,0.068516,0.930642,0.930642,0.930642,0.862184
encoder,refv4-ref_gold_sub_veto-ls0.5-s46,refv4-ref_gold_sub_veto-ls0.5,46,4000,8,0.067414,0.938923,0.938923,0.938923,0.883584
encoder,refv4-ref_gold_sub_veto-s42,refv4-ref_gold_sub_veto,42,4000,8,0.034261,0.931332,0.931332,0.931332,0.864971
encoder,refv4-ref_gold_sub_veto-s43,refv4-ref_gold_sub_veto,43,4000,8,0.03555,0.931332,0.931332,0.931332,0.867339
encoder,refv4-ref_gold_sub_veto-s44,refv4-ref_gold_sub_veto,44,4000,8,0.034051,0.936508,0.936508,0.936508,0.873899
encoder,refv4-ref_gold_sub_veto-s45,refv4-ref_gold_sub_veto,45,4000,8,0.034398,0.932367,0.932367,0.932367,0.871582
encoder,refv4-ref_gold_sub_veto-s46,refv4-ref_gold_sub_veto,46,4000,8,0.032633,0.937198,0.937198,0.937198,0.879436
encoder,refv4-ref_gold_verif-ls0.5-s42,refv4-ref_gold_verif-ls0.5,42,4000,8,0.082051,0.933402,0.933402,0.933402,0.872716
encoder,refv4-ref_gold_verif-ls0.5-s43,refv4-ref_gold_verif-ls0.5,43,4000,8,0.082655,0.933747,0.933747,0.933747,0.866945
encoder,refv4-ref_gold_verif-ls0.5-s44,refv4-ref_gold_verif-ls0.5,44,4000,8,0.081295,0.935473,0.935473,0.935473,0.873195
encoder,refv4-ref_gold_verif-ls0.5-s45,refv4-ref_gold_verif-ls0.5,45,4000,8,0.082095,0.935818,0.935818,0.935818,0.875926
encoder,refv4-ref_gold_verif-ls0.5-s46,refv4-ref_gold_verif-ls0.5,46,4000,8,0.079667,0.942719,0.942719,0.942719,0.887039
encoder,refv4-ref_gold_verif-s42,refv4-ref_gold_verif,42,4000,8,0.039963,0.932022,0.932022,0.932022,0.86356
encoder,refv4-ref_gold_verif-s43,refv4-ref_gold_verif,43,4000,8,0.042035,0.930642,0.930642,0.930642,0.870042
encoder,refv4-ref_gold_verif-s44,refv4-ref_gold_verif,44,4000,8,0.03899,0.936508,0.936508,0.936508,0.867728
encoder,refv4-ref_gold_verif-s45,refv4-ref_gold_verif,45,4000,8,0.042669,0.932712,0.932712,0.932712,0.869025
encoder,refv4-ref_gold_verif-s46,refv4-ref_gold_verif,46,4000,8,0.037004,0.942719,0.942719,0.942719,0.890211
encoder,refv4-ref_gold_veto-ls0.5-s42,refv4-ref_gold_veto-ls0.5,42,4000,8,0.064429,0.933402,0.933402,0.933402,0.880286
encoder,refv4-ref_gold_veto-ls0.5-s43,refv4-ref_gold_veto-ls0.5,43,4000,8,0.06355,0.935473,0.935473,0.935473,0.880882
encoder,refv4-ref_gold_veto-ls0.5-s44,refv4-ref_gold_veto-ls0.5,44,4000,8,0.065559,0.935128,0.935128,0.935128,0.871467
encoder,refv4-ref_gold_veto-ls0.5-s45,refv4-ref_gold_veto-ls0.5,45,4000,8,0.063125,0.935128,0.935128,0.935128,0.881502
encoder,refv4-ref_gold_veto-ls0.5-s46,refv4-ref_gold_veto-ls0.5,46,4000,8,0.063148,0.936853,0.936853,0.936853,0.883961
encoder,refv4-ref_gold_veto-s42,refv4-ref_gold_veto,42,4000,8,0.031674,0.932022,0.932022,0.932022,0.866577
encoder,refv4-ref_gold_veto-s43,refv4-ref_gold_veto,43,4000,8,0.036067,0.934783,0.934783,0.934783,0.866445
encoder,refv4-ref_gold_veto-s44,refv4-ref_gold_veto,44,4000,8,0.032071,0.934438,0.934438,0.934438,0.867525
encoder,refv4-ref_gold_veto-s45,refv4-ref_gold_veto,45,4000,8,0.031786,0.926156,0.926156,0.926156,0.854071
encoder,refv4-ref_gold_veto-s46,refv4-ref_gold_veto,46,4000,8,0.030231,0.938578,0.938578,0.938578,0.883761
encoder,rnd_v4_fiab-s42,rnd_v4_fiab,42,4000,8,0.042549,0.710145,0.710145,0.710145,0.508093
encoder,rnd_v4_fiab-s43,rnd_v4_fiab,43,4000,8,0.050067,0.718081,0.718081,0.718081,0.510725
encoder,rnd_v4_fiab-s44,rnd_v4_fiab,44,4000,8,0.038667,0.71118,0.71118,0.71118,0.503182
encoder,rnd_v4_fiab-s45,rnd_v4_fiab,45,4000,8,0.039752,0.704969,0.704969,0.704969,0.512084
encoder,rnd_v4_fiab-s46,rnd_v4_fiab,46,4000,8,0.041047,0.718081,0.718081,0.718081,0.521364
encoder,rnd_v4_fiab-s47,rnd_v4_fiab,47,4000,8,0.041543,0.714976,0.714976,0.714976,0.511975
encoder,rnd_v4_verif-s42,rnd_v4_verif,42,4000,8,0.388459,0.765355,0.765355,0.765355,0.58906
encoder,rnd_v4_verif-s43,rnd_v4_verif,43,4000,8,0.341424,0.758109,0.758109,0.758109,0.571386
encoder,rnd_v4_verif-s44,rnd_v4_verif,44,4000,8,0.363786,0.758799,0.758799,0.758799,0.59592
encoder,rnd_v4_verif-s45,rnd_v4_verif,45,4000,8,0.362895,0.758799,0.758799,0.758799,0.583801
encoder,rnd_v4_verif-s46,rnd_v4_verif,46,4000,8,0.365682,0.770186,0.770186,0.770186,0.586817
encoder,rnd_v4_verif-s47,rnd_v4_verif,47,4000,8,0.343673,0.760524,0.760524,0.760524,0.593902
encoder,rnd_v4_veto-s42,rnd_v4_veto,42,4000,8,0.019361,0.696687,0.696687,0.696687,0.495163
encoder,rnd_v4_veto-s43,rnd_v4_veto,43,4000,8,0.015379,0.700138,0.700138,0.700138,0.486858
encoder,rnd_v4_veto-s44,rnd_v4_veto,44,4000,8,0.013283,0.708765,0.708765,0.708765,0.500145
encoder,rnd_v4_veto-s45,rnd_v4_veto,45,4000,8,0.01628,0.696687,0.696687,0.696687,0.48516
encoder,rnd_v4_veto-s46,rnd_v4_veto,46,4000,8,0.018473,0.698413,0.698413,0.698413,0.491253
encoder,rnd_v4_veto-s47,rnd_v4_veto,47,4000,8,0.015059,0.702553,0.702553,0.702553,0.490179
encoder,syn_all,syn_all,,4000,8,0.02307,0.932712,0.932712,0.932712,0.867391
encoder,syn_cepidc,syn_cepidc,,4000,8,0.009484,0.933402,0.933402,0.933402,0.86826
encoder,syn_hector,syn_hector,,4000,8,0.00781,0.928916,0.928916,0.928916,0.853713
encoder,syn_validated,syn_validated,,4000,8,0.012151,0.938233,0.938233,0.938233,0.877271
encoder,syn_validated_b2,syn_validated_b2,,4000,8,0.013048,0.925121,0.925121,0.925121,0.854533
encoder,tune,tune,,1000,2,1.318964,0.742926,0.742926,0.742926,0.49929
encoder,x4_fiab_refgold-ls0.1-s42,x4_fiab_refgold-ls0.1,42,4000,8,0.042575,0.841615,0.841615,0.841615,0.739448
encoder,x4_fiab_refgold-ls0.1-s43,x4_fiab_refgold-ls0.1,43,4000,8,0.040532,0.839199,0.839199,0.839199,0.738366
encoder,x4_fiab_refgold-ls0.1-s44,x4_fiab_refgold-ls0.1,44,4000,8,0.040918,0.838509,0.838509,0.838509,0.733997
encoder,x4_fiab_refgold-ls0.1-s45,x4_fiab_refgold-ls0.1,45,4000,8,0.039435,0.839199,0.839199,0.839199,0.730118
encoder,x4_fiab_refgold-ls0.1-s46,x4_fiab_refgold-ls0.1,46,4000,8,0.041885,0.836439,0.836439,0.836439,0.729133
encoder,x4_verif_refgold-ls0.1-s42,x4_verif_refgold-ls0.1,42,4000,8,0.376874,0.81401,0.81401,0.81401,0.669779
encoder,x4_verif_refgold-ls0.1-s43,x4_verif_refgold-ls0.1,43,4000,8,0.363444,0.802968,0.802968,0.802968,0.649799
encoder,x4_verif_refgold-ls0.1-s44,x4_verif_refgold-ls0.1,44,4000,8,0.342197,0.815045,0.815045,0.815045,0.670769
encoder,x4_verif_refgold-ls0.1-s45,x4_verif_refgold-ls0.1,45,4000,8,0.406022,0.81332,0.81332,0.81332,0.672009
encoder,x4_verif_refgold-ls0.1-s46,x4_verif_refgold-ls0.1,46,4000,8,0.33901,0.808144,0.808144,0.808144,0.674257
encoder,x4_veto_refgold-ls0.1-s42,x4_veto_refgold-ls0.1,42,4000,8,0.02571,0.850587,0.850587,0.850587,0.752843
encoder,x4_veto_refgold-ls0.1-s43,x4_veto_refgold-ls0.1,43,4000,8,0.025915,0.853347,0.853347,0.853347,0.749855
encoder,x4_veto_refgold-ls0.1-s44,x4_veto_refgold-ls0.1,44,4000,8,0.025816,0.850932,0.850932,0.850932,0.754348
encoder,x4_veto_refgold-ls0.1-s45,x4_veto_refgold-ls0.1,45,4000,8,0.025407,0.853347,0.853347,0.853347,0.748356
encoder,x4_veto_refgold-ls0.1-s46,x4_veto_refgold-ls0.1,46,4000,8,0.02523,0.854037,0.854037,0.854037,0.756306
encoder,x5_fiab_fiab_filt-ls0.1-s42,x5_fiab_fiab_filt-ls0.1,42,4000,8,0.043751,0.838164,0.838164,0.838164,0.737083
encoder,x5_fiab_fiab_filt-ls0.1-s43,x5_fiab_fiab_filt-ls0.1,43,4000,8,0.044593,0.84196,0.84196,0.84196,0.745617
encoder,x5_fiab_fiab_filt-ls0.1-s44,x5_fiab_fiab_filt-ls0.1,44,4000,8,0.042558,0.836094,0.836094,0.836094,0.735088
encoder,x5_fiab_fiab_filt-ls0.1-s45,x5_fiab_fiab_filt-ls0.1,45,4000,8,0.04301,0.844375,0.844375,0.844375,0.741089
encoder,x5_fiab_fiab_filt-ls0.1-s46,x5_fiab_fiab_filt-ls0.1,46,4000,8,0.046463,0.83989,0.83989,0.83989,0.738152
encoder,x5_fiab_fiab_sub-ls0.1-s42,x5_fiab_fiab_sub-ls0.1,42,4000,8,0.047445,0.837474,0.837474,0.837474,0.735483
encoder,x5_fiab_fiab_sub-ls0.1-s43,x5_fiab_fiab_sub-ls0.1,43,4000,8,0.049226,0.836094,0.836094,0.836094,0.727422
encoder,x5_fiab_fiab_sub-ls0.1-s44,x5_fiab_fiab_sub-ls0.1,44,4000,8,0.045647,0.830918,0.830918,0.830918,0.723289
encoder,x5_fiab_fiab_sub-ls0.1-s45,x5_fiab_fiab_sub-ls0.1,45,4000,8,0.048003,0.839199,0.839199,0.839199,0.737886
encoder,x5_fiab_fiab_sub-ls0.1-s46,x5_fiab_fiab_sub-ls0.1,46,4000,8,0.050264,0.837474,0.837474,0.837474,0.732622
encoder,x5_fiab_verif_filt-ls0.1-s42,x5_fiab_verif_filt-ls0.1,42,4000,8,0.050626,0.838164,0.838164,0.838164,0.737454
encoder,x5_fiab_verif_filt-ls0.1-s43,x5_fiab_verif_filt-ls0.1,43,4000,8,0.050918,0.834714,0.834714,0.834714,0.721688
encoder,x5_fiab_verif_filt-ls0.1-s44,x5_fiab_verif_filt-ls0.1,44,4000,8,0.049876,0.84472,0.84472,0.84472,0.741601
encoder,x5_fiab_verif_filt-ls0.1-s45,x5_fiab_verif_filt-ls0.1,45,4000,8,0.050718,0.839545,0.839545,0.839545,0.727404
encoder,x5_fiab_verif_filt-ls0.1-s46,x5_fiab_verif_filt-ls0.1,46,4000,8,0.053349,0.838509,0.838509,0.838509,0.731985
encoder,x5_fiab_verif_sub-ls0.1-s42,x5_fiab_verif_sub-ls0.1,42,4000,8,0.054149,0.830228,0.830228,0.830228,0.725354
encoder,x5_fiab_verif_sub-ls0.1-s43,x5_fiab_verif_sub-ls0.1,43,4000,8,0.053586,0.841615,0.841615,0.841615,0.743405
encoder,x5_fiab_verif_sub-ls0.1-s44,x5_fiab_verif_sub-ls0.1,44,4000,8,0.051892,0.837474,0.837474,0.837474,0.743604
encoder,x5_fiab_verif_sub-ls0.1-s45,x5_fiab_verif_sub-ls0.1,45,4000,8,0.05219,0.838854,0.838854,0.838854,0.72857
encoder,x5_fiab_verif_sub-ls0.1-s46,x5_fiab_verif_sub-ls0.1,46,4000,8,0.053581,0.84196,0.84196,0.84196,0.741339
encoder,x5_fiab_veto_filt-ls0.1-s42,x5_fiab_veto_filt-ls0.1,42,4000,8,0.041044,0.835404,0.835404,0.835404,0.734381
encoder,x5_fiab_veto_filt-ls0.1-s43,x5_fiab_veto_filt-ls0.1,43,4000,8,0.044476,0.832988,0.832988,0.832988,0.737365
encoder,x5_fiab_veto_filt-ls0.1-s44,x5_fiab_veto_filt-ls0.1,44,4000,8,0.045027,0.838854,0.838854,0.838854,0.745831
encoder,x5_fiab_veto_filt-ls0.1-s45,x5_fiab_veto_filt-ls0.1,45,4000,8,0.042739,0.831953,0.831953,0.831953,0.724046
encoder,x5_fiab_veto_filt-ls0.1-s46,x5_fiab_veto_filt-ls0.1,46,4000,8,0.043863,0.837819,0.837819,0.837819,0.738543
encoder,x5_fiab_veto_sub-ls0.1-s42,x5_fiab_veto_sub-ls0.1,42,4000,8,0.045157,0.837474,0.837474,0.837474,0.730685
encoder,x5_fiab_veto_sub-ls0.1-s43,x5_fiab_veto_sub-ls0.1,43,4000,8,0.046662,0.830573,0.830573,0.830573,0.72453
encoder,x5_fiab_veto_sub-ls0.1-s44,x5_fiab_veto_sub-ls0.1,44,4000,8,0.044483,0.843685,0.843685,0.843685,0.74448
encoder,x5_fiab_veto_sub-ls0.1-s45,x5_fiab_veto_sub-ls0.1,45,4000,8,0.044071,0.839199,0.839199,0.839199,0.731969
encoder,x5_fiab_veto_sub-ls0.1-s46,x5_fiab_veto_sub-ls0.1,46,4000,8,0.050899,0.838509,0.838509,0.838509,0.742699
encoder,x5_verif_fiab_filt-ls0.1-s42,x5_verif_fiab_filt-ls0.1,42,4000,8,0.385897,0.805038,0.805038,0.805038,0.670023
encoder,x5_verif_fiab_filt-ls0.1-s43,x5_verif_fiab_filt-ls0.1,43,4000,8,0.355892,0.811939,0.811939,0.811939,0.669855
encoder,x5_verif_fiab_filt-ls0.1-s44,x5_verif_fiab_filt-ls0.1,44,4000,8,0.362108,0.802968,0.802968,0.802968,0.663378
encoder,x5_verif_fiab_filt-ls0.1-s45,x5_verif_fiab_filt-ls0.1,45,4000,8,0.414298,0.81332,0.81332,0.81332,0.685299
encoder,x5_verif_fiab_filt-ls0.1-s46,x5_verif_fiab_filt-ls0.1,46,4000,8,0.32391,0.812974,0.812974,0.812974,0.672391
encoder,x5_verif_fiab_sub-ls0.1-s42,x5_verif_fiab_sub-ls0.1,42,4000,8,0.39771,0.815045,0.815045,0.815045,0.689492
encoder,x5_verif_fiab_sub-ls0.1-s43,x5_verif_fiab_sub-ls0.1,43,4000,8,0.363593,0.808834,0.808834,0.808834,0.665568
encoder,x5_verif_fiab_sub-ls0.1-s44,x5_verif_fiab_sub-ls0.1,44,4000,8,0.360108,0.809524,0.809524,0.809524,0.674596
encoder,x5_verif_fiab_sub-ls0.1-s45,x5_verif_fiab_sub-ls0.1,45,4000,8,0.401343,0.813665,0.813665,0.813665,0.682303
encoder,x5_verif_fiab_sub-ls0.1-s46,x5_verif_fiab_sub-ls0.1,46,4000,8,0.361665,0.819531,0.819531,0.819531,0.6824
encoder,x5_verif_verif_filt-ls0.1-s42,x5_verif_verif_filt-ls0.1,42,4000,8,0.390516,0.817805,0.817805,0.817805,0.683058
encoder,x5_verif_verif_filt-ls0.1-s43,x5_verif_verif_filt-ls0.1,43,4000,8,0.360958,0.812974,0.812974,0.812974,0.680761
encoder,x5_verif_verif_filt-ls0.1-s44,x5_verif_verif_filt-ls0.1,44,4000,8,0.355981,0.802968,0.802968,0.802968,0.673615
encoder,x5_verif_verif_filt-ls0.1-s45,x5_verif_verif_filt-ls0.1,45,4000,8,0.39519,0.811594,0.811594,0.811594,0.67047
encoder,x5_verif_verif_filt-ls0.1-s46,x5_verif_verif_filt-ls0.1,46,4000,8,0.395743,0.807798,0.807798,0.807798,0.672793
encoder,x5_verif_verif_sub-ls0.1-s42,x5_verif_verif_sub-ls0.1,42,4000,8,0.406156,0.816425,0.816425,0.816425,0.690401
encoder,x5_verif_verif_sub-ls0.1-s43,x5_verif_verif_sub-ls0.1,43,4000,8,0.387358,0.817115,0.817115,0.817115,0.679928
encoder,x5_verif_verif_sub-ls0.1-s44,x5_verif_verif_sub-ls0.1,44,4000,8,0.368293,0.821946,0.821946,0.821946,0.681178
encoder,x5_verif_verif_sub-ls0.1-s45,x5_verif_verif_sub-ls0.1,45,4000,8,0.379331,0.810559,0.810559,0.810559,0.670693
encoder,x5_verif_verif_sub-ls0.1-s46,x5_verif_verif_sub-ls0.1,46,4000,8,0.368497,0.815735,0.815735,0.815735,0.680296
encoder,x5_verif_veto_filt-ls0.1-s42,x5_verif_veto_filt-ls0.1,42,4000,8,0.368862,0.817115,0.817115,0.817115,0.679977
encoder,x5_verif_veto_filt-ls0.1-s43,x5_verif_veto_filt-ls0.1,43,4000,8,0.349239,0.815735,0.815735,0.815735,0.674987
encoder,x5_verif_veto_filt-ls0.1-s44,x5_verif_veto_filt-ls0.1,44,4000,8,0.338096,0.817805,0.817805,0.817805,0.68495
encoder,x5_verif_veto_filt-ls0.1-s45,x5_verif_veto_filt-ls0.1,45,4000,8,0.390784,0.810904,0.810904,0.810904,0.668674
encoder,x5_verif_veto_filt-ls0.1-s46,x5_verif_veto_filt-ls0.1,46,4000,8,0.355346,0.809524,0.809524,0.809524,0.669257
encoder,x5_verif_veto_sub-ls0.1-s42,x5_verif_veto_sub-ls0.1,42,4000,8,0.391321,0.811249,0.811249,0.811249,0.672517
encoder,x5_verif_veto_sub-ls0.1-s43,x5_verif_veto_sub-ls0.1,43,4000,8,0.388553,0.809179,0.809179,0.809179,0.672441
encoder,x5_verif_veto_sub-ls0.1-s44,x5_verif_veto_sub-ls0.1,44,4000,8,0.387202,0.814355,0.814355,0.814355,0.683046
encoder,x5_verif_veto_sub-ls0.1-s45,x5_verif_veto_sub-ls0.1,45,4000,8,0.386384,0.815045,0.815045,0.815045,0.679777
encoder,x5_verif_veto_sub-ls0.1-s46,x5_verif_veto_sub-ls0.1,46,4000,8,0.336825,0.809869,0.809869,0.809869,0.671146
encoder,x5_veto_fiab_filt-ls0.1-s42,x5_veto_fiab_filt-ls0.1,42,4000,8,0.028148,0.846101,0.846101,0.846101,0.734539
encoder,x5_veto_fiab_filt-ls0.1-s43,x5_veto_fiab_filt-ls0.1,43,4000,8,0.030937,0.845411,0.845411,0.845411,0.742376
encoder,x5_veto_fiab_filt-ls0.1-s44,x5_veto_fiab_filt-ls0.1,44,4000,8,0.026875,0.854727,0.854727,0.854727,0.750951
encoder,x5_veto_fiab_filt-ls0.1-s45,x5_veto_fiab_filt-ls0.1,45,4000,8,0.027877,0.858868,0.858868,0.858868,0.760005
encoder,x5_veto_fiab_filt-ls0.1-s46,x5_veto_fiab_filt-ls0.1,46,4000,8,0.031146,0.850587,0.850587,0.850587,0.757118
encoder,x5_veto_fiab_sub-ls0.1-s42,x5_veto_fiab_sub-ls0.1,42,4000,8,0.031004,0.847826,0.847826,0.847826,0.759289
encoder,x5_veto_fiab_sub-ls0.1-s43,x5_veto_fiab_sub-ls0.1,43,4000,8,0.030267,0.849551,0.849551,0.849551,0.741279
encoder,x5_veto_fiab_sub-ls0.1-s44,x5_veto_fiab_sub-ls0.1,44,4000,8,0.03099,0.850242,0.850242,0.850242,0.747299
encoder,x5_veto_fiab_sub-ls0.1-s45,x5_veto_fiab_sub-ls0.1,45,4000,8,0.030721,0.847481,0.847481,0.847481,0.746155
encoder,x5_veto_fiab_sub-ls0.1-s46,x5_veto_fiab_sub-ls0.1,46,4000,8,0.030941,0.856108,0.856108,0.856108,0.76069
encoder,x5_veto_verif_filt-ls0.1-s42,x5_veto_verif_filt-ls0.1,42,4000,8,0.034198,0.849551,0.849551,0.849551,0.748834
encoder,x5_veto_verif_filt-ls0.1-s43,x5_veto_verif_filt-ls0.1,43,4000,8,0.034231,0.853002,0.853002,0.853002,0.746504
encoder,x5_veto_verif_filt-ls0.1-s44,x5_veto_verif_filt-ls0.1,44,4000,8,0.03404,0.853002,0.853002,0.853002,0.752147
encoder,x5_veto_verif_filt-ls0.1-s45,x5_veto_verif_filt-ls0.1,45,4000,8,0.036016,0.847136,0.847136,0.847136,0.74215
encoder,x5_veto_verif_filt-ls0.1-s46,x5_veto_verif_filt-ls0.1,46,4000,8,0.032313,0.846791,0.846791,0.846791,0.751066
encoder,x5_veto_verif_sub-ls0.1-s42,x5_veto_verif_sub-ls0.1,42,4000,8,0.034959,0.850587,0.850587,0.850587,0.752896
encoder,x5_veto_verif_sub-ls0.1-s43,x5_veto_verif_sub-ls0.1,43,4000,8,0.034847,0.84472,0.84472,0.84472,0.740642
encoder,x5_veto_verif_sub-ls0.1-s44,x5_veto_verif_sub-ls0.1,44,4000,8,0.035903,0.850932,0.850932,0.850932,0.748863
encoder,x5_veto_verif_sub-ls0.1-s45,x5_veto_verif_sub-ls0.1,45,4000,8,0.038216,0.848516,0.848516,0.848516,0.743941
encoder,x5_veto_verif_sub-ls0.1-s46,x5_veto_verif_sub-ls0.1,46,4000,8,0.034323,0.849551,0.849551,0.849551,0.758137
encoder,x5_veto_veto_filt-ls0.1-s42,x5_veto_veto_filt-ls0.1,42,4000,8,0.026791,0.853002,0.853002,0.853002,0.745481
encoder,x5_veto_veto_filt-ls0.1-s43,x5_veto_veto_filt-ls0.1,43,4000,8,0.026724,0.851622,0.851622,0.851622,0.747251
encoder,x5_veto_veto_filt-ls0.1-s44,x5_veto_veto_filt-ls0.1,44,4000,8,0.026864,0.848516,0.848516,0.848516,0.744316
encoder,x5_veto_veto_filt-ls0.1-s45,x5_veto_veto_filt-ls0.1,45,4000,8,0.025829,0.853347,0.853347,0.853347,0.75608
encoder,x5_veto_veto_filt-ls0.1-s46,x5_veto_veto_filt-ls0.1,46,4000,8,0.028363,0.849896,0.849896,0.849896,0.74847
encoder,x5_veto_veto_sub-ls0.1-s42,x5_veto_veto_sub-ls0.1,42,4000,8,0.029404,0.850932,0.850932,0.850932,0.748309
encoder,x5_veto_veto_sub-ls0.1-s43,x5_veto_veto_sub-ls0.1,43,4000,8,0.030086,0.849206,0.849206,0.849206,0.744027
encoder,x5_veto_veto_sub-ls0.1-s44,x5_veto_veto_sub-ls0.1,44,4000,8,0.028137,0.855418,0.855418,0.855418,0.756398
encoder,x5_veto_veto_sub-ls0.1-s45,x5_veto_veto_sub-ls0.1,45,4000,8,0.028665,0.851277,0.851277,0.851277,0.750156
encoder,x5_veto_veto_sub-ls0.1-s46,x5_veto_veto_sub-ls0.1,46,4000,8,0.029242,0.849896,0.849896,0.849896,0.761906
encoder,x6_fiab_fiab_filt-ls0.1-s42,x6_fiab_fiab_filt-ls0.1,42,4000,8,0.025362,0.901311,0.901311,0.901311,0.820625
encoder,x6_fiab_fiab_filt-ls0.1-s43,x6_fiab_fiab_filt-ls0.1,43,4000,8,0.026641,0.896135,0.896135,0.896135,0.816016
encoder,x6_fiab_fiab_filt-ls0.1-s44,x6_fiab_fiab_filt-ls0.1,44,4000,8,0.026893,0.902001,0.902001,0.902001,0.823683
encoder,x6_fiab_fiab_filt-ls0.1-s45,x6_fiab_fiab_filt-ls0.1,45,4000,8,0.02641,0.901656,0.901656,0.901656,0.824102
encoder,x6_fiab_fiab_filt-ls0.1-s46,x6_fiab_fiab_filt-ls0.1,46,4000,8,0.026314,0.902001,0.902001,0.902001,0.826962
encoder,x6_fiab_fiab_sub-ls0.1-s42,x6_fiab_fiab_sub-ls0.1,42,4000,8,0.028884,0.89717,0.89717,0.89717,0.813892
encoder,x6_fiab_fiab_sub-ls0.1-s43,x6_fiab_fiab_sub-ls0.1,43,4000,8,0.031504,0.902346,0.902346,0.902346,0.831369
encoder,x6_fiab_fiab_sub-ls0.1-s44,x6_fiab_fiab_sub-ls0.1,44,4000,8,0.029659,0.900966,0.900966,0.900966,0.822045
encoder,x6_fiab_fiab_sub-ls0.1-s45,x6_fiab_fiab_sub-ls0.1,45,4000,8,0.029224,0.896825,0.896825,0.896825,0.81654
encoder,x6_fiab_fiab_sub-ls0.1-s46,x6_fiab_fiab_sub-ls0.1,46,4000,8,0.028565,0.900966,0.900966,0.900966,0.823416
encoder,x6_fiab_verif_filt-ls0.1-s42,x6_fiab_verif_filt-ls0.1,42,4000,8,0.030859,0.904072,0.904072,0.904072,0.822049
encoder,x6_fiab_verif_filt-ls0.1-s43,x6_fiab_verif_filt-ls0.1,43,4000,8,0.032278,0.899241,0.899241,0.899241,0.821991
encoder,x6_fiab_verif_filt-ls0.1-s44,x6_fiab_verif_filt-ls0.1,44,4000,8,0.032503,0.902346,0.902346,0.902346,0.825091
encoder,x6_fiab_verif_filt-ls0.1-s45,x6_fiab_verif_filt-ls0.1,45,4000,8,0.031674,0.898551,0.898551,0.898551,0.817525
encoder,x6_fiab_verif_filt-ls0.1-s46,x6_fiab_verif_filt-ls0.1,46,4000,8,0.031033,0.902001,0.902001,0.902001,0.82162
encoder,x6_fiab_verif_sub-ls0.1-s42,x6_fiab_verif_sub-ls0.1,42,4000,8,0.03212,0.896825,0.896825,0.896825,0.812921
encoder,x6_fiab_verif_sub-ls0.1-s43,x6_fiab_verif_sub-ls0.1,43,4000,8,0.032837,0.899241,0.899241,0.899241,0.822164
encoder,x6_fiab_verif_sub-ls0.1-s43.PARTIEL_TIMEOUT_4h,x6_fiab_verif_sub-ls0.1-s43.PARTIEL_TIMEOUT_4h,,3000,6,0.058695,0.900276,0.900276,0.900276,0.825646
encoder,x6_fiab_verif_sub-ls0.1-s44,x6_fiab_verif_sub-ls0.1,44,4000,8,0.033155,0.899586,0.899586,0.899586,0.822122
encoder,x6_fiab_verif_sub-ls0.1-s45,x6_fiab_verif_sub-ls0.1,45,4000,8,0.033641,0.902692,0.902692,0.902692,0.822231
encoder,x6_fiab_verif_sub-ls0.1-s46,x6_fiab_verif_sub-ls0.1,46,4000,8,0.032311,0.899586,0.899586,0.899586,0.827233
encoder,x6_fiab_veto_filt-ls0.1-s42,x6_fiab_veto_filt-ls0.1,42,4000,8,0.025803,0.896135,0.896135,0.896135,0.812293
encoder,x6_fiab_veto_filt-ls0.1-s43,x6_fiab_veto_filt-ls0.1,43,4000,8,0.026122,0.89648,0.89648,0.89648,0.818043
encoder,x6_fiab_veto_filt-ls0.1-s44,x6_fiab_veto_filt-ls0.1,44,4000,8,0.025246,0.908558,0.908558,0.908558,0.832669
encoder,x6_fiab_veto_filt-ls0.1-s45,x6_fiab_veto_filt-ls0.1,45,4000,8,0.025501,0.899586,0.899586,0.899586,0.823129
encoder,x6_fiab_veto_filt-ls0.1-s46,x6_fiab_veto_filt-ls0.1,46,4000,8,0.024814,0.903727,0.903727,0.903727,0.824072
encoder,x6_fiab_veto_sub-ls0.1-s42,x6_fiab_veto_sub-ls0.1,42,4000,8,0.027656,0.89717,0.89717,0.89717,0.813205
encoder,x6_fiab_veto_sub-ls0.1-s43,x6_fiab_veto_sub-ls0.1,43,4000,8,0.027079,0.894755,0.894755,0.894755,0.81855
encoder,x6_fiab_veto_sub-ls0.1-s44,x6_fiab_veto_sub-ls0.1,44,4000,8,0.028289,0.902346,0.902346,0.902346,0.824576
encoder,x6_fiab_veto_sub-ls0.1-s45,x6_fiab_veto_sub-ls0.1,45,4000,8,0.02811,0.900966,0.900966,0.900966,0.819384
encoder,x6_fiab_veto_sub-ls0.1-s46,x6_fiab_veto_sub-ls0.1,46,4000,8,0.026856,0.903037,0.903037,0.903037,0.83185
encoder,x6_verif_fiab_filt-ls0.1-s42,x6_verif_fiab_filt-ls0.1,42,4000,8,0.033951,0.930297,0.930297,0.930297,0.868789
encoder,x6_verif_fiab_filt-ls0.1-s43,x6_verif_fiab_filt-ls0.1,43,4000,8,0.033072,0.935128,0.935128,0.935128,0.869934
encoder,x6_verif_fiab_filt-ls0.1-s44,x6_verif_fiab_filt-ls0.1,44,4000,8,0.034878,0.939268,0.939268,0.939268,0.880091
encoder,x6_verif_fiab_filt-ls0.1-s45,x6_verif_fiab_filt-ls0.1,45,4000,8,0.036841,0.937888,0.937888,0.937888,0.873349
encoder,x6_verif_fiab_filt-ls0.1-s46,x6_verif_fiab_filt-ls0.1,46,4000,8,0.031964,0.935818,0.935818,0.935818,0.874134
encoder,x6_verif_fiab_sub-ls0.1-s42,x6_verif_fiab_sub-ls0.1,42,4000,8,0.035506,0.933057,0.933057,0.933057,0.865325
encoder,x6_verif_fiab_sub-ls0.1-s43,x6_verif_fiab_sub-ls0.1,43,4000,8,0.041641,0.937198,0.937198,0.937198,0.87315
encoder,x6_verif_fiab_sub-ls0.1-s44,x6_verif_fiab_sub-ls0.1,44,4000,8,0.037934,0.936508,0.936508,0.936508,0.87099
encoder,x6_verif_fiab_sub-ls0.1-s45,x6_verif_fiab_sub-ls0.1,45,4000,8,0.037917,0.937198,0.937198,0.937198,0.876073
encoder,x6_verif_fiab_sub-ls0.1-s46,x6_verif_fiab_sub-ls0.1,46,4000,8,0.035117,0.940994,0.940994,0.940994,0.8842
encoder,x6_verif_verif_filt-ls0.1-s42,x6_verif_verif_filt-ls0.1,42,4000,8,0.038142,0.936163,0.936163,0.936163,0.86979
encoder,x6_verif_verif_filt-ls0.1-s43,x6_verif_verif_filt-ls0.1,43,4000,8,0.038787,0.937543,0.937543,0.937543,0.877176
encoder,x6_verif_verif_filt-ls0.1-s44,x6_verif_verif_filt-ls0.1,44,4000,8,0.041361,0.935818,0.935818,0.935818,0.865558
encoder,x6_verif_verif_filt-ls0.1-s45,x6_verif_verif_filt-ls0.1,45,4000,8,0.037517,0.935818,0.935818,0.935818,0.87571
encoder,x6_verif_verif_filt-ls0.1-s46,x6_verif_verif_filt-ls0.1,46,4000,8,0.035648,0.938923,0.938923,0.938923,0.880137
encoder,x6_verif_verif_sub-ls0.1-s42,x6_verif_verif_sub-ls0.1,42,4000,8,0.041041,0.937198,0.937198,0.937198,0.87667
encoder,x6_verif_verif_sub-ls0.1-s43,x6_verif_verif_sub-ls0.1,43,4000,8,0.043848,0.930642,0.930642,0.930642,0.862994
encoder,x6_verif_verif_sub-ls0.1-s44,x6_verif_verif_sub-ls0.1,44,4000,8,0.043925,0.935473,0.935473,0.935473,0.87237
encoder,x6_verif_verif_sub-ls0.1-s45,x6_verif_verif_sub-ls0.1,45,4000,8,0.041832,0.933747,0.933747,0.933747,0.863217
encoder,x6_verif_verif_sub-ls0.1-s46,x6_verif_verif_sub-ls0.1,46,4000,8,0.040916,0.940304,0.940304,0.940304,0.886093
encoder,x6_verif_veto_filt-ls0.1-s42,x6_verif_veto_filt-ls0.1,42,4000,8,0.03104,0.929607,0.929607,0.929607,0.861086
encoder,x6_verif_veto_filt-ls0.1-s43,x6_verif_veto_filt-ls0.1,43,4000,8,0.032024,0.932712,0.932712,0.932712,0.87732
encoder,x6_verif_veto_filt-ls0.1-s44,x6_verif_veto_filt-ls0.1,44,4000,8,0.033085,0.937888,0.937888,0.937888,0.879757
encoder,x6_verif_veto_filt-ls0.1-s45,x6_verif_veto_filt-ls0.1,45,4000,8,0.031825,0.934438,0.934438,0.934438,0.879288
encoder,x6_verif_veto_filt-ls0.1-s46,x6_verif_veto_filt-ls0.1,46,4000,8,0.03092,0.939268,0.939268,0.939268,0.878086
encoder,x6_verif_veto_sub-ls0.1-s42,x6_verif_veto_sub-ls0.1,42,4000,8,0.034079,0.932367,0.932367,0.932367,0.873868
encoder,x6_verif_veto_sub-ls0.1-s43,x6_verif_veto_sub-ls0.1,43,4000,8,0.035638,0.933402,0.933402,0.933402,0.874997
encoder,x6_verif_veto_sub-ls0.1-s44,x6_verif_veto_sub-ls0.1,44,4000,8,0.037163,0.932022,0.932022,0.932022,0.863007
encoder,x6_verif_veto_sub-ls0.1-s45,x6_verif_veto_sub-ls0.1,45,4000,8,0.037249,0.931332,0.931332,0.931332,0.865299
encoder,x6_verif_veto_sub-ls0.1-s46,x6_verif_veto_sub-ls0.1,46,4000,8,0.032989,0.940649,0.940649,0.940649,0.884056
encoder,x6_veto_fiab_filt-ls0.1-s42,x6_veto_fiab_filt-ls0.1,42,4000,8,0.019296,0.833333,0.833333,0.833333,0.727382
encoder,x6_veto_fiab_filt-ls0.1-s43,x6_veto_fiab_filt-ls0.1,43,4000,8,0.019649,0.835059,0.835059,0.835059,0.73911
encoder,x6_veto_fiab_filt-ls0.1-s44,x6_veto_fiab_filt-ls0.1,44,4000,8,0.019598,0.829193,0.829193,0.829193,0.729131
encoder,x6_veto_fiab_filt-ls0.1-s45,x6_veto_fiab_filt-ls0.1,45,4000,8,0.019265,0.830228,0.830228,0.830228,0.736163
encoder,x6_veto_fiab_filt-ls0.1-s46,x6_veto_fiab_filt-ls0.1,46,4000,8,0.019365,0.834023,0.834023,0.834023,0.73773
encoder,x6_veto_fiab_sub-ls0.1-s42,x6_veto_fiab_sub-ls0.1,42,4000,8,0.020799,0.824707,0.824707,0.824707,0.719422
encoder,x6_veto_fiab_sub-ls0.1-s43,x6_veto_fiab_sub-ls0.1,43,4000,8,0.020881,0.831608,0.831608,0.831608,0.733864
encoder,x6_veto_fiab_sub-ls0.1-s44,x6_veto_fiab_sub-ls0.1,44,4000,8,0.021476,0.833333,0.833333,0.833333,0.720749
encoder,x6_veto_fiab_sub-ls0.1-s45,x6_veto_fiab_sub-ls0.1,45,4000,8,0.021022,0.837129,0.837129,0.837129,0.741467
encoder,x6_veto_fiab_sub-ls0.1-s46,x6_veto_fiab_sub-ls0.1,46,4000,8,0.020951,0.829883,0.829883,0.829883,0.730327
encoder,x6_veto_verif_filt-ls0.1-s42,x6_veto_verif_filt-ls0.1,42,4000,8,0.023361,0.825397,0.825397,0.825397,0.723771
encoder,x6_veto_verif_filt-ls0.1-s43,x6_veto_verif_filt-ls0.1,43,4000,8,0.023017,0.837474,0.837474,0.837474,0.734947
encoder,x6_veto_verif_filt-ls0.1-s44,x6_veto_verif_filt-ls0.1,44,4000,8,0.023721,0.837129,0.837129,0.837129,0.736697
encoder,x6_veto_verif_filt-ls0.1-s45,x6_veto_verif_filt-ls0.1,45,4000,8,0.022955,0.825397,0.825397,0.825397,0.727991
encoder,x6_veto_verif_filt-ls0.1-s46,x6_veto_verif_filt-ls0.1,46,4000,8,0.023648,0.831953,0.831953,0.831953,0.741292
encoder,x6_veto_verif_sub-ls0.1-s42,x6_veto_verif_sub-ls0.1,42,4000,8,0.023229,0.827467,0.827467,0.827467,0.725471
encoder,x6_veto_verif_sub-ls0.1-s43,x6_veto_verif_sub-ls0.1,43,4000,8,0.024503,0.838854,0.838854,0.838854,0.738528
encoder,x6_veto_verif_sub-ls0.1-s44,x6_veto_verif_sub-ls0.1,44,4000,8,0.024288,0.837819,0.837819,0.837819,0.737588
encoder,x6_veto_verif_sub-ls0.1-s45,x6_veto_verif_sub-ls0.1,45,4000,8,0.023451,0.832298,0.832298,0.832298,0.73071
encoder,x6_veto_verif_sub-ls0.1-s46,x6_veto_verif_sub-ls0.1,46,4000,8,0.0239,0.837474,0.837474,0.837474,0.742115
encoder,x6_veto_veto_filt-ls0.1-s42,x6_veto_veto_filt-ls0.1,42,4000,8,0.01994,0.831608,0.831608,0.831608,0.724167
encoder,x6_veto_veto_filt-ls0.1-s43,x6_veto_veto_filt-ls0.1,43,4000,8,0.018727,0.834714,0.834714,0.834714,0.728794
encoder,x6_veto_veto_filt-ls0.1-s44,x6_veto_veto_filt-ls0.1,44,4000,8,0.021997,0.832643,0.832643,0.832643,0.721212
encoder,x6_veto_veto_filt-ls0.1-s45,x6_veto_veto_filt-ls0.1,45,4000,8,0.018224,0.832643,0.832643,0.832643,0.735027
encoder,x6_veto_veto_filt-ls0.1-s46,x6_veto_veto_filt-ls0.1,46,4000,8,0.01933,0.830228,0.830228,0.830228,0.739158
encoder,x6_veto_veto_sub-ls0.1-s42,x6_veto_veto_sub-ls0.1,42,4000,8,0.019975,0.824362,0.824362,0.824362,0.724856
encoder,x6_veto_veto_sub-ls0.1-s43,x6_veto_veto_sub-ls0.1,43,4000,8,0.020254,0.823671,0.823671,0.823671,0.730772
encoder,x6_veto_veto_sub-ls0.1-s44,x6_veto_veto_sub-ls0.1,44,4000,8,0.020072,0.835059,0.835059,0.835059,0.724198
encoder,x6_veto_veto_sub-ls0.1-s45,x6_veto_veto_sub-ls0.1,45,4000,8,0.019545,0.833333,0.833333,0.833333,0.74486
encoder,x6_veto_veto_sub-ls0.1-s46,x6_veto_veto_sub-ls0.1,46,4000,8,0.019724,0.835749,0.835749,0.835749,0.745783
encoder,x7_cleanfiab_gold-ls0.1-s42,x7_cleanfiab_gold-ls0.1,42,4000,8,0.02437,0.899931,0.899931,0.899931,0.81416
encoder,x7_cleanfiab_gold-ls0.1-s43,x7_cleanfiab_gold-ls0.1,43,4000,8,0.025283,0.898206,0.898206,0.898206,0.826304
encoder,x7_cleanfiab_gold-ls0.1-s44,x7_cleanfiab_gold-ls0.1,44,4000,8,0.024988,0.901311,0.901311,0.901311,0.826812
encoder,x7_cleanfiab_gold-ls0.1-s45,x7_cleanfiab_gold-ls0.1,45,4000,8,0.02438,0.900621,0.900621,0.900621,0.820132
encoder,x7_cleanfiab_gold-ls0.1-s46,x7_cleanfiab_gold-ls0.1,46,4000,8,0.023262,0.900621,0.900621,0.900621,0.823551
encoder,x7_cleanfiab_gold-ls0.1-s47,x7_cleanfiab_gold-ls0.1,47,4000,8,0.025859,0.901656,0.901656,0.901656,0.828156
encoder,x7_cleanverif_gold-ls0.1-s42,x7_cleanverif_gold-ls0.1,42,4000,8,0.029825,0.927881,0.927881,0.927881,0.857217
encoder,x7_cleanverif_gold-ls0.1-s43,x7_cleanverif_gold-ls0.1,43,4000,8,0.030076,0.933747,0.933747,0.933747,0.868362
encoder,x7_cleanverif_gold-ls0.1-s44,x7_cleanverif_gold-ls0.1,44,4000,8,0.032035,0.938578,0.938578,0.938578,0.88208
encoder,x7_cleanverif_gold-ls0.1-s45,x7_cleanverif_gold-ls0.1,45,4000,8,0.030756,0.934783,0.934783,0.934783,0.875534
encoder,x7_cleanverif_gold-ls0.1-s46,x7_cleanverif_gold-ls0.1,46,4000,8,0.030951,0.939614,0.939614,0.939614,0.886657
encoder,x7_cleanverif_gold-ls0.1-s47,x7_cleanverif_gold-ls0.1,47,4000,8,0.030237,0.938578,0.938578,0.938578,0.883163
encoder,x7_cleanveto_gold-ls0.1-s42,x7_cleanveto_gold-ls0.1,42,4000,8,0.017871,0.824707,0.824707,0.824707,0.725576
encoder,x7_cleanveto_gold-ls0.1-s43,x7_cleanveto_gold-ls0.1,43,4000,8,0.018446,0.834369,0.834369,0.834369,0.732906
encoder,x7_cleanveto_gold-ls0.1-s44,x7_cleanveto_gold-ls0.1,44,4000,8,0.018302,0.835404,0.835404,0.835404,0.734807
encoder,x7_cleanveto_gold-ls0.1-s45,x7_cleanveto_gold-ls0.1,45,4000,8,0.018116,0.831263,0.831263,0.831263,0.73123
encoder,x7_cleanveto_gold-ls0.1-s46,x7_cleanveto_gold-ls0.1,46,4000,8,0.017709,0.826432,0.826432,0.826432,0.731787
encoder,x7_cleanveto_gold-ls0.1-s47,x7_cleanveto_gold-ls0.1,47,4000,8,0.018811,0.829883,0.829883,0.829883,0.739927
encoder,x7_noisy_fiab-ls0.1-s42,x7_noisy_fiab-ls0.1,42,4000,8,0.671825,0.796066,0.796066,0.796066,0.658054
encoder,x7_noisy_fiab-ls0.1-s43,x7_noisy_fiab-ls0.1,43,4000,8,0.590394,0.792271,0.792271,0.792271,0.639133
encoder,x7_noisy_fiab-ls0.1-s44,x7_noisy_fiab-ls0.1,44,4000,8,0.661377,0.791235,0.791235,0.791235,0.6334
encoder,x7_noisy_fiab-ls0.1-s45,x7_noisy_fiab-ls0.1,45,4000,8,0.664455,0.7902,0.7902,0.7902,0.644285
encoder,x7_noisy_fiab-ls0.1-s46,x7_noisy_fiab-ls0.1,46,4000,8,0.669187,0.78882,0.78882,0.78882,0.648794
encoder,x7_noisy_fiab-ls0.1-s47,x7_noisy_fiab-ls0.1,47,4000,8,0.656454,0.79089,0.79089,0.79089,0.647951
encoder,x7_noisy_gold-ls0.1-s42,x7_noisy_gold-ls0.1,42,4000,8,0.690175,0.786059,0.786059,0.786059,0.640915
encoder,x7_noisy_gold-ls0.1-s43,x7_noisy_gold-ls0.1,43,4000,8,0.638617,0.794686,0.794686,0.794686,0.641155
encoder,x7_noisy_gold-ls0.1-s44,x7_noisy_gold-ls0.1,44,4000,8,0.609822,0.790545,0.790545,0.790545,0.641786
encoder,x7_noisy_gold-ls0.1-s45,x7_noisy_gold-ls0.1,45,4000,8,0.696652,0.795721,0.795721,0.795721,0.653144
encoder,x7_noisy_gold-ls0.1-s46,x7_noisy_gold-ls0.1,46,4000,8,0.630589,0.799517,0.799517,0.799517,0.647156
encoder,x7_noisy_gold-ls0.1-s47,x7_noisy_gold-ls0.1,47,4000,8,0.641525,0.787095,0.787095,0.787095,0.623568
encoder,x8_clnrndfiab_fiab-ls0.1-s42,x8_clnrndfiab_fiab-ls0.1,42,4000,8,0.030825,0.926156,0.926156,0.926156,0.851384
encoder,x8_clnrndfiab_fiab-ls0.1-s43,x8_clnrndfiab_fiab-ls0.1,43,4000,8,0.030611,0.928226,0.928226,0.928226,0.857181
encoder,x8_clnrndfiab_fiab-ls0.1-s44,x8_clnrndfiab_fiab-ls0.1,44,4000,8,0.02901,0.928226,0.928226,0.928226,0.858109
encoder,x8_clnrndfiab_fiab-ls0.1-s45,x8_clnrndfiab_fiab-ls0.1,45,4000,8,0.029206,0.930642,0.930642,0.930642,0.857766
encoder,x8_clnrndfiab_fiab-ls0.1-s46,x8_clnrndfiab_fiab-ls0.1,46,4000,8,0.030892,0.933402,0.933402,0.933402,0.86879
encoder,x8_clnrndfiab_gold-ls0.1-s42,x8_clnrndfiab_gold-ls0.1,42,4000,8,0.027076,0.929607,0.929607,0.929607,0.864254
encoder,x8_clnrndfiab_gold-ls0.1-s43,x8_clnrndfiab_gold-ls0.1,43,4000,8,0.02854,0.924776,0.924776,0.924776,0.851615
encoder,x8_clnrndfiab_gold-ls0.1-s44,x8_clnrndfiab_gold-ls0.1,44,4000,8,0.027574,0.922015,0.922015,0.922015,0.839934
encoder,x8_clnrndfiab_gold-ls0.1-s45,x8_clnrndfiab_gold-ls0.1,45,4000,8,0.02774,0.927191,0.927191,0.927191,0.861706
encoder,x8_clnrndfiab_gold-ls0.1-s46,x8_clnrndfiab_gold-ls0.1,46,4000,8,0.02613,0.927536,0.927536,0.927536,0.857038
encoder,x8_clnrndverif_fiab-ls0.1-s42,x8_clnrndverif_fiab-ls0.1,42,4000,8,0.033848,0.930642,0.930642,0.930642,0.862981
encoder,x8_clnrndverif_fiab-ls0.1-s43,x8_clnrndverif_fiab-ls0.1,43,4000,8,0.032782,0.933402,0.933402,0.933402,0.870546
encoder,x8_clnrndverif_fiab-ls0.1-s44,x8_clnrndverif_fiab-ls0.1,44,4000,8,0.032594,0.938578,0.938578,0.938578,0.876941
encoder,x8_clnrndverif_fiab-ls0.1-s45,x8_clnrndverif_fiab-ls0.1,45,4000,8,0.032372,0.936508,0.936508,0.936508,0.8763
encoder,x8_clnrndverif_fiab-ls0.1-s46,x8_clnrndverif_fiab-ls0.1,46,4000,8,0.032369,0.934438,0.934438,0.934438,0.876598
encoder,x8_clnrndverif_gold-ls0.1-s42,x8_clnrndverif_gold-ls0.1,42,4000,8,0.031116,0.932022,0.932022,0.932022,0.865098
encoder,x8_clnrndverif_gold-ls0.1-s43,x8_clnrndverif_gold-ls0.1,43,4000,8,0.030823,0.933057,0.933057,0.933057,0.87201
encoder,x8_clnrndverif_gold-ls0.1-s44,x8_clnrndverif_gold-ls0.1,44,4000,8,0.030771,0.933402,0.933402,0.933402,0.866634
encoder,x8_clnrndverif_gold-ls0.1-s45,x8_clnrndverif_gold-ls0.1,45,4000,8,0.031146,0.937198,0.937198,0.937198,0.879839
encoder,x8_clnrndverif_gold-ls0.1-s46,x8_clnrndverif_gold-ls0.1,46,4000,8,0.029154,0.936508,0.936508,0.936508,0.880825
encoder,x8_clnrndveto_fiab-ls0.1-s42,x8_clnrndveto_fiab-ls0.1,42,4000,8,0.025292,0.914079,0.914079,0.914079,0.824336
encoder,x8_clnrndveto_fiab-ls0.1-s43,x8_clnrndveto_fiab-ls0.1,43,4000,8,0.026502,0.916149,0.916149,0.916149,0.820223
encoder,x8_clnrndveto_fiab-ls0.1-s44,x8_clnrndveto_fiab-ls0.1,44,4000,8,0.026149,0.917874,0.917874,0.917874,0.842863
encoder,x8_clnrndveto_fiab-ls0.1-s45,x8_clnrndveto_fiab-ls0.1,45,4000,8,0.024902,0.92167,0.92167,0.92167,0.841048
encoder,x8_clnrndveto_fiab-ls0.1-s46,x8_clnrndveto_fiab-ls0.1,46,4000,8,0.025016,0.92098,0.92098,0.92098,0.837479
encoder,x8_clnrndveto_gold-ls0.1-s42,x8_clnrndveto_gold-ls0.1,42,4000,8,0.024049,0.918219,0.918219,0.918219,0.831884
encoder,x8_clnrndveto_gold-ls0.1-s43,x8_clnrndveto_gold-ls0.1,43,4000,8,0.024047,0.920635,0.920635,0.920635,0.841423
encoder,x8_clnrndveto_gold-ls0.1-s44,x8_clnrndveto_gold-ls0.1,44,4000,8,0.024645,0.923395,0.923395,0.923395,0.846542
encoder,x8_clnrndveto_gold-ls0.1-s45,x8_clnrndveto_gold-ls0.1,45,4000,8,0.023301,0.916494,0.916494,0.916494,0.832597
encoder,x8_clnrndveto_gold-ls0.1-s46,x8_clnrndveto_gold-ls0.1,46,4000,8,0.022711,0.923395,0.923395,0.923395,0.846524
encoder,x8_rndfiab_fiab-ls0.1-s42,x8_rndfiab_fiab-ls0.1,42,4000,8,0.142007,0.746377,0.746377,0.746377,0.564673
encoder,x8_rndfiab_fiab-ls0.1-s43,x8_rndfiab_fiab-ls0.1,43,4000,8,0.138672,0.748792,0.748792,0.748792,0.58211
encoder,x8_rndfiab_fiab-ls0.1-s44,x8_rndfiab_fiab-ls0.1,44,4000,8,0.145422,0.743271,0.743271,0.743271,0.572592
encoder,x8_rndfiab_fiab-ls0.1-s45,x8_rndfiab_fiab-ls0.1,45,4000,8,0.145592,0.737405,0.737405,0.737405,0.564304
encoder,x8_rndfiab_fiab-ls0.1-s46,x8_rndfiab_fiab-ls0.1,46,4000,8,0.13638,0.740166,0.740166,0.740166,0.570387
encoder,x8_rndfiab_gold-ls0.1-s42,x8_rndfiab_gold-ls0.1,42,4000,8,0.138567,0.7343,0.7343,0.7343,0.555473
encoder,x8_rndfiab_gold-ls0.1-s43,x8_rndfiab_gold-ls0.1,43,4000,8,0.127132,0.753278,0.753278,0.753278,0.577831
encoder,x8_rndfiab_gold-ls0.1-s44,x8_rndfiab_gold-ls0.1,44,4000,8,0.136126,0.734645,0.734645,0.734645,0.554384
encoder,x8_rndfiab_gold-ls0.1-s45,x8_rndfiab_gold-ls0.1,45,4000,8,0.136924,0.73706,0.73706,0.73706,0.561789
encoder,x8_rndfiab_gold-ls0.1-s46,x8_rndfiab_gold-ls0.1,46,4000,8,0.158684,0.745342,0.745342,0.745342,0.575002
encoder,x8_rndverif_fiab-ls0.1-s42,x8_rndverif_fiab-ls0.1,42,4000,8,0.593876,0.776398,0.776398,0.776398,0.621614
encoder,x8_rndverif_fiab-ls0.1-s43,x8_rndverif_fiab-ls0.1,43,4000,8,0.452993,0.775362,0.775362,0.775362,0.614039
encoder,x8_rndverif_fiab-ls0.1-s44,x8_rndverif_fiab-ls0.1,44,4000,8,0.493025,0.775362,0.775362,0.775362,0.632162
encoder,x8_rndverif_fiab-ls0.1-s45,x8_rndverif_fiab-ls0.1,45,4000,8,0.546933,0.774672,0.774672,0.774672,0.628406
encoder,x8_rndverif_fiab-ls0.1-s46,x8_rndverif_fiab-ls0.1,46,4000,8,0.473397,0.781228,0.781228,0.781228,0.643576
encoder,x8_rndverif_gold-ls0.1-s42,x8_rndverif_gold-ls0.1,42,4000,8,0.522026,0.776743,0.776743,0.776743,0.620821
encoder,x8_rndverif_gold-ls0.1-s43,x8_rndverif_gold-ls0.1,43,4000,8,0.517092,0.779848,0.779848,0.779848,0.624126
encoder,x8_rndverif_gold-ls0.1-s44,x8_rndverif_gold-ls0.1,44,4000,8,0.483027,0.777433,0.777433,0.777433,0.625079
encoder,x8_rndverif_gold-ls0.1-s45,x8_rndverif_gold-ls0.1,45,4000,8,0.483781,0.782609,0.782609,0.782609,0.642058
encoder,x8_rndverif_gold-ls0.1-s46,x8_rndverif_gold-ls0.1,46,4000,8,0.478121,0.784679,0.784679,0.784679,0.639326
encoder,x8_rndveto_fiab-ls0.1-s42,x8_rndveto_fiab-ls0.1,42,4000,8,0.096911,0.733609,0.733609,0.733609,0.555635
encoder,x8_rndveto_fiab-ls0.1-s43,x8_rndveto_fiab-ls0.1,43,4000,8,0.094797,0.742926,0.742926,0.742926,0.562402
encoder,x8_rndveto_fiab-ls0.1-s44,x8_rndveto_fiab-ls0.1,44,4000,8,0.101105,0.743616,0.743616,0.743616,0.555722
encoder,x8_rndveto_fiab-ls0.1-s45,x8_rndveto_fiab-ls0.1,45,4000,8,0.110448,0.738095,0.738095,0.738095,0.559541
encoder,x8_rndveto_fiab-ls0.1-s46,x8_rndveto_fiab-ls0.1,46,4000,8,0.106883,0.73637,0.73637,0.73637,0.570863
encoder,x8_rndveto_gold-ls0.1-s42,x8_rndveto_gold-ls0.1,42,4000,8,0.08964,0.739476,0.739476,0.739476,0.557092
encoder,x8_rndveto_gold-ls0.1-s43,x8_rndveto_gold-ls0.1,43,4000,8,0.088169,0.73499,0.73499,0.73499,0.564092
encoder,x8_rndveto_gold-ls0.1-s44,x8_rndveto_gold-ls0.1,44,4000,8,0.091648,0.73499,0.73499,0.73499,0.542219
encoder,x8_rndveto_gold-ls0.1-s45,x8_rndveto_gold-ls0.1,45,4000,8,0.095869,0.729124,0.729124,0.729124,0.555078
encoder,x8_rndveto_gold-ls0.1-s46,x8_rndveto_gold-ls0.1,46,4000,8,0.096014,0.720842,0.720842,0.720842,0.540902
synonym,loop-round1,loop-round1,,,14,,,,,
synonym,calib,calib,,,17,,,,,
synonym,calib,calib,,,42,,,,,
synonym,calib,calib,,,82,,,,,
synonym,calib,calib,,,82,,,,,
synonym,calib,calib,,,42,,,,,
synonym,calib,calib,,,42,,,,,
synonym,calib,calib,,,42,,,,,
synonym,calib,calib,,,82,,,,,
synonym,calib,calib,,,82,,,,,
synonym,calib,calib,,,82,,,,,
synonym,calib,calib,,,82,,,,,
synonym,calib,calib,,,82,,,,,
synonym,calib,calib,,,82,,,,,
synonym,calib,calib,,,82,,,,,
synonym,calib,calib,,,82,,,,,
synonym,calib,calib,,,82,,,,,
synonym,calib,calib,,,82,,,,,
synonym,calib,calib,,,82,,,,,
synonym,calib,calib,,,82,,,,,
synonym,calib,calib,,,82,,,,,
synonym,calib,calib,,,202,,,,,
synonym,calib,calib,,,32,,,,,
synonym,calib,calib,,,32,,,,,
synonym,calib,calib,,,32,,,,,
synonym,calib,calib,,,82,,,,,
synonym,calib,calib,,,82,,,,,
synonym,calib,calib,,,82,,,,,
synonym,calib,calib,,,82,,,,,
synonym,calib,calib,,,82,,,,,
synonym,calib,calib,,,82,,,,,
synonym,calib,calib,,,82,,,,,
synonym,calib,calib,,,82,,,,,
synonym,calib,calib,,,82,,,,,
synonym,calib,calib,,,82,,,,,
synonym,calib,calib,,,19,,,,,
synonym,calib,calib,,,82,,,,,
synonym,calib,calib,,,82,,,,,
synonym,calib,calib,,,82,,,,,
synonym,calib,calib,,,82,,,,,
synonym,calib,calib,,,82,,,,,
synonym,calib,calib,,,82,,,,,
synonym,calib,calib,,,82,,,,,
synonym,calib,calib,,,82,,,,,
synonym,calib,calib,,,82,,,,,
synonym,calib,calib,,,42,,,,,
synonym,calib,calib,,,42,,,,,
synonym,calib,calib,,,42,,,,,
synonym,calib,calib,,,202,,,,,
synonym,calib,calib,,,202,,,,,
synonym,calib,calib,,,82,,,,,
synonym,calib,calib,,,82,,,,,
synonym,calib,calib,,,802,,,,,
synonym,calib,calib,,,82,,,,,
synonym,calib,calib,,,82,,,,,
synonym,calib,calib,,,82,,,,,
synonym,calib,calib,,,82,,,,,
synonym,calib,calib,,,82,,,,,
synonym,calib,calib,,,82,,,,,
synonym,calib,calib,,,82,,,,,
synonym,calib,calib,,,82,,,,,
synonym,calib,calib,,,82,,,,,
synonym,calib,calib,,,82,,,,,
synonym,calib,calib,,,82,,,,,
synonym,calib,calib,,,82,,,,,
synonym,calib,calib,,,82,,,,,
synonym,calib,calib,,,178,,,,,
synonym,calib,calib,,,570,,,,,
synonym,calib,calib,,,22,,,,,
synonym,calib,calib,,,22,,,,,
synonym,calib,calib,,,22,,,,,
